1,2019-01-04,6957,1236.0,1269.199951171875,1272.0,1232.199951171875,50059500
1,2019-01-07,6960,1299.0,1309.199951171875,1324.4000244140625,1295.5999755859375,38386000
1,2019-01-08,6961,1322.0,1325.199951171875,1337.4000244140625,1316.800048828125,39896500
1,2019-01-09,6962,1342.4000244140625,1335.4000244140625,1343.0,1325.800048828125,27472000
1,2019-01-10,6963,1326.0,1340.800048828125,1342.800048828125,1325.4000244140625,31702000
1,2019-01-11,6964,1346.0,1364.199951171875,1367.199951171875,1345.800048828125,39476500
1,2019-01-15,6968,1360.0,1378.4000244140625,1381.0,1353.5999755859375,35381000
1,2019-01-16,6969,1370.0,1368.800048828125,1372.4000244140625,1362.800048828125,33168500
1,2019-01-17,6970,1364.0,1358.0,1372.4000244140625,1353.0,26238000
1,2019-01-18,6971,1364.0,1359.5999755859375,1368.4000244140625,1359.4000244140625,33136000
1,2019-01-21,6974,1367.4000244140625,1363.4000244140625,1376.199951171875,1361.4000244140625,28318000
1,2019-01-22,6975,1364.0,1356.800048828125,1372.199951171875,1353.800048828125,25948500
1,2019-01-23,6976,1361.199951171875,1344.0,1365.800048828125,1344.0,30015000
1,2019-01-24,6977,1342.5999755859375,1345.0,1351.800048828125,1335.199951171875,26966500
1,2019-01-25,6978,1344.199951171875,1352.800048828125,1358.4000244140625,1340.800048828125,27567000
1,2019-01-28,6981,1348.0,1337.800048828125,1353.5999755859375,1337.800048828125,24310000
1,2019-01-29,6982,1322.800048828125,1335.199951171875,1335.199951171875,1321.199951171875,23190500
1,2019-01-30,6983,1335.4000244140625,1327.800048828125,1336.0,1322.5999755859375,24673500
1,2019-01-31,6984,1342.4000244140625,1335.0,1346.0,1330.800048828125,22237000
1,2019-02-01,6985,1328.4000244140625,1331.0,1338.199951171875,1324.5999755859375,19043500
1,2019-02-04,6988,1336.0,1345.199951171875,1347.5999755859375,1335.4000244140625,20184000
1,2019-02-05,6989,1357.0,1350.4000244140625,1358.4000244140625,1347.5999755859375,19021000
1,2019-02-06,6990,1350.4000244140625,1340.5999755859375,1361.0,1330.0,40496000
1,2019-02-07,6991,1324.4000244140625,1315.0,1332.199951171875,1300.199951171875,34866500
1,2019-02-08,6992,1300.0,1289.800048828125,1301.199951171875,1286.0,34998500
1,2019-02-12,6996,1295.5999755859375,1321.0,1322.800048828125,1293.5999755859375,30961000
1,2019-02-13,6997,1330.0,1325.0,1333.5999755859375,1320.4000244140625,24272000
1,2019-02-14,6998,1331.800048828125,1323.5999755859375,1333.199951171875,1320.4000244140625,22267500
1,2019-02-15,6999,1326.0,1321.0,1327.4000244140625,1316.5999755859375,20292500
1,2019-02-18,7002,1333.199951171875,1331.0,1335.800048828125,1327.800048828125,21668000
1,2019-02-19,7003,1324.199951171875,1339.4000244140625,1340.0,1324.199951171875,18622000
1,2019-02-20,7004,1337.4000244140625,1358.0,1358.5999755859375,1337.199951171875,26063500
1,2019-02-21,7005,1360.0,1346.199951171875,1361.5999755859375,1346.199951171875,28564000
1,2019-02-22,7006,1334.199951171875,1344.0,1344.199951171875,1333.800048828125,18797000
1,2019-02-25,7009,1348.0,1354.800048828125,1355.0,1343.800048828125,19767000
1,2019-02-26,7010,1360.0,1359.0,1361.0,1353.4000244140625,23763500
1,2019-02-27,7011,1359.0,1356.0,1361.0,1356.0,24596500
1,2019-02-28,7012,1352.0,1339.4000244140625,1352.800048828125,1338.4000244140625,26775000
1,2019-03-01,7016,1347.0,1337.5999755859375,1348.800048828125,1337.5999755859375,23470000
1,2019-03-04,7019,1349.0,1325.5999755859375,1349.0,1323.0,25200000
1,2019-03-05,7020,1322.4000244140625,1321.5999755859375,1325.199951171875,1314.5999755859375,21431000
1,2019-03-06,7021,1321.0,1318.800048828125,1323.199951171875,1314.0,21739500
1,2019-03-07,7022,1319.0,1316.800048828125,1326.4000244140625,1312.199951171875,21888500
1,2019-03-08,7023,1304.5999755859375,1306.199951171875,1318.199951171875,1303.800048828125,28584000
1,2019-03-11,7026,1306.800048828125,1315.199951171875,1320.4000244140625,1305.199951171875,11708000
1,2019-03-12,7027,1326.5999755859375,1325.5999755859375,1332.199951171875,1322.4000244140625,13746000
1,2019-03-13,7028,1325.0,1313.800048828125,1329.800048828125,1307.0,16452000
1,2019-03-14,7029,1321.4000244140625,1312.0,1329.800048828125,1310.4000244140625,15058500
1,2019-03-15,7030,1318.5999755859375,1323.0,1331.0,1315.800048828125,38923500
1,2019-03-18,7033,1326.4000244140625,1327.800048828125,1330.199951171875,1321.5999755859375,9724500
1,2019-03-19,7034,1336.0,1335.199951171875,1340.199951171875,1330.0,11871500
1,2019-03-20,7035,1339.0,1344.199951171875,1345.199951171875,1335.5999755859375,19704000
1,2019-03-22,7037,1344.4000244140625,1350.5999755859375,1352.199951171875,1339.0,24015500
1,2019-03-25,7040,1328.800048828125,1322.800048828125,1329.0,1318.199951171875,19129500
1,2019-03-26,7041,1320.199951171875,1347.800048828125,1348.5999755859375,1318.0,21108000
1,2019-03-27,7042,1333.800048828125,1323.800048828125,1337.199951171875,1315.4000244140625,19713500
1,2019-03-28,7043,1319.4000244140625,1304.0,1320.5999755859375,1301.0,16400500
1,2019-03-29,7044,1312.800048828125,1297.4000244140625,1315.199951171875,1297.4000244140625,22738000
1,2019-04-01,7047,1314.199951171875,1327.0,1337.0,1311.4000244140625,23638500
1,2019-04-02,7048,1339.800048828125,1339.5999755859375,1342.800048828125,1332.0,17204000
1,2019-04-03,7049,1341.199951171875,1345.800048828125,1348.4000244140625,1333.199951171875,14111000
1,2019-04-04,7050,1350.0,1352.5999755859375,1357.5999755859375,1347.800048828125,13805000
1,2019-04-05,7051,1355.800048828125,1368.0,1368.0,1353.5999755859375,24084000
1,2019-04-08,7054,1370.0,1359.4000244140625,1370.199951171875,1352.5999755859375,13072000
1,2019-04-09,7055,1360.0,1364.4000244140625,1366.5999755859375,1356.800048828125,10258500
1,2019-04-10,7056,1358.199951171875,1358.4000244140625,1362.0,1353.4000244140625,10863000
1,2019-04-11,7057,1358.5999755859375,1352.199951171875,1360.5999755859375,1349.199951171875,10856500
1,2019-04-12,7058,1357.0,1357.800048828125,1359.4000244140625,1351.800048828125,17248500
1,2019-04-15,7061,1358.0,1366.199951171875,1369.5999755859375,1355.800048828125,23865000
1,2019-04-16,7062,1365.0,1363.0,1371.199951171875,1361.4000244140625,17310500
1,2019-04-17,7063,1377.4000244140625,1390.5999755859375,1390.800048828125,1375.800048828125,27714500
1,2019-04-18,7064,1399.5999755859375,1395.199951171875,1416.0,1390.5999755859375,31645000
1,2019-04-19,7065,1397.199951171875,1391.5999755859375,1400.0,1384.0,14639000
1,2019-04-22,7068,1395.800048828125,1392.5999755859375,1397.800048828125,1385.5999755859375,10860000
1,2019-04-23,7069,1398.0,1398.5999755859375,1399.0,1387.199951171875,17455000
1,2019-04-24,7070,1399.0,1378.199951171875,1399.0,1374.800048828125,21886000
1,2019-04-25,7071,1380.0,1380.199951171875,1388.0,1377.0,16816000
1,2019-04-26,7072,1369.800048828125,1381.0,1384.0,1365.4000244140625,19997000
1,2019-05-07,7084,1371.0,1364.800048828125,1374.800048828125,1355.199951171875,29029000
1,2019-05-08,7085,1344.800048828125,1351.800048828125,1380.0,1337.0,55404000
1,2019-05-09,7086,1340.0,1309.0,1340.5999755859375,1309.0,42560500
1,2019-05-10,7087,1314.4000244140625,1307.4000244140625,1323.4000244140625,1300.4000244140625,32391000
1,2019-05-13,7090,1307.5999755859375,1309.0,1316.800048828125,1302.4000244140625,19310500
1,2019-05-14,7091,1296.0,1305.800048828125,1305.800048828125,1286.5999755859375,22867500
1,2019-05-15,7092,1312.0,1314.0,1314.0,1297.800048828125,22115500
1,2019-05-16,7093,1324.0,1300.4000244140625,1324.0,1295.199951171875,25077000
1,2019-05-17,7094,1309.4000244140625,1300.4000244140625,1311.5999755859375,1294.4000244140625,21104500
1,2019-05-20,7097,1303.5999755859375,1305.4000244140625,1309.0,1295.800048828125,14484500
1,2019-05-21,7098,1305.199951171875,1298.800048828125,1306.0,1289.199951171875,21909500
1,2019-05-22,7099,1303.800048828125,1298.199951171875,1306.0,1294.4000244140625,16449500
1,2019-05-23,7100,1297.199951171875,1299.800048828125,1300.4000244140625,1291.5999755859375,16141500
1,2019-05-24,7101,1290.0,1300.4000244140625,1300.4000244140625,1285.800048828125,16337500
1,2019-05-27,7104,1292.0,1310.800048828125,1311.800048828125,1292.0,15636500
1,2019-05-28,7105,1311.0,1320.800048828125,1327.4000244140625,1309.0,39235500
1,2019-05-29,7106,1312.0,1316.199951171875,1316.5999755859375,1300.199951171875,22680500
1,2019-05-30,7107,1307.5999755859375,1314.199951171875,1318.800048828125,1305.800048828125,17868000
1,2019-05-31,7108,1296.199951171875,1276.800048828125,1299.199951171875,1276.5999755859375,40159500
1,2019-06-03,7111,1261.800048828125,1268.5999755859375,1269.5999755859375,1255.5999755859375,28240000
1,2019-06-04,7112,1270.199951171875,1273.5999755859375,1276.199951171875,1254.800048828125,25370500
1,2019-06-05,7113,1291.800048828125,1306.0,1308.5999755859375,1290.199951171875,28106500
1,2019-06-06,7114,1307.0,1309.4000244140625,1317.199951171875,1303.4000244140625,20774500
1,2019-06-07,7115,1317.4000244140625,1317.5999755859375,1322.199951171875,1311.4000244140625,17627000
1,2019-06-10,7118,1334.0,1341.199951171875,1342.4000244140625,1327.0,25480000
1,2019-06-11,7119,1343.0,1355.800048828125,1355.800048828125,1342.5999755859375,23928000
1,2019-06-12,7120,1355.0,1363.5999755859375,1371.5999755859375,1352.199951171875,30938500
1,2019-06-13,7121,1358.5999755859375,1345.199951171875,1359.800048828125,1338.800048828125,27520000
1,2019-06-14,7122,1353.0,1348.5999755859375,1357.199951171875,1343.0,25149000
1,2019-06-17,7125,1347.0,1345.4000244140625,1352.4000244140625,1342.199951171875,20351500
1,2019-06-18,7126,1357.5999755859375,1343.800048828125,1359.800048828125,1340.199951171875,20535500
1,2019-06-19,7127,1355.199951171875,1354.4000244140625,1358.0,1350.199951171875,23602000
1,2019-06-20,7128,1358.0,1348.0,1360.0,1339.0,20253500
1,2019-06-21,7129,1348.0,1337.4000244140625,1351.4000244140625,1335.4000244140625,32139500
1,2019-06-24,7132,1325.199951171875,1338.5999755859375,1344.4000244140625,1323.5999755859375,12060500
1,2019-06-25,7133,1326.5999755859375,1330.199951171875,1340.4000244140625,1325.800048828125,17708500
1,2019-06-26,7134,1323.4000244140625,1322.5999755859375,1329.199951171875,1315.199951171875,18716000
1,2019-06-27,7135,1326.800048828125,1334.800048828125,1338.0,1322.0,27200500
1,2019-06-28,7136,1333.5999755859375,1337.5999755859375,1338.0,1329.4000244140625,24472000
1,2019-07-01,7140,1353.0,1374.800048828125,1374.800048828125,1345.4000244140625,29227500
1,2019-07-02,7141,1371.800048828125,1376.800048828125,1378.800048828125,1366.0,21026500
1,2019-07-03,7142,1364.800048828125,1364.199951171875,1372.199951171875,1359.4000244140625,18823000
1,2019-07-04,7143,1372.5999755859375,1373.5999755859375,1377.0,1368.5999755859375,12055500
1,2019-07-05,7144,1377.4000244140625,1377.800048828125,1383.5999755859375,1374.199951171875,16706500
1,2019-07-08,7147,1384.199951171875,1377.5999755859375,1385.800048828125,1376.5999755859375,17593500
1,2019-07-09,7148,1377.800048828125,1383.0,1383.800048828125,1375.5999755859375,16411000
1,2019-07-10,7149,1377.199951171875,1381.5999755859375,1386.5999755859375,1371.4000244140625,23457000
1,2019-07-11,7150,1376.4000244140625,1373.0,1382.199951171875,1370.800048828125,24148000
1,2019-07-12,7151,1376.5999755859375,1382.0,1382.0,1374.4000244140625,18031500
1,2019-07-16,7155,1385.0,1400.0,1408.0,1384.0,33557000
1,2019-07-17,7156,1393.800048828125,1405.4000244140625,1408.199951171875,1390.4000244140625,27068000
1,2019-07-18,7157,1398.199951171875,1395.0,1401.4000244140625,1390.199951171875,30981500
1,2019-07-19,7158,1392.0,1424.199951171875,1424.199951171875,1391.0,37613500
1,2019-07-22,7161,1421.0,1418.199951171875,1425.5999755859375,1417.199951171875,24069000
1,2019-07-23,7162,1415.0,1420.0,1424.800048828125,1408.5999755859375,23382500
1,2019-07-24,7163,1430.199951171875,1439.4000244140625,1440.0,1430.199951171875,25320500
1,2019-07-25,7164,1440.0,1444.4000244140625,1448.800048828125,1434.4000244140625,27372000
1,2019-07-26,7165,1440.0,1430.199951171875,1442.199951171875,1430.199951171875,21383000
1,2019-07-29,7168,1430.4000244140625,1429.5999755859375,1434.199951171875,1422.0,16182500
1,2019-07-30,7169,1436.4000244140625,1436.0,1438.4000244140625,1429.4000244140625,19236500
1,2019-07-31,7170,1422.0,1404.800048828125,1422.5999755859375,1404.800048828125,37240500
1,2019-08-01,7171,1403.5999755859375,1418.4000244140625,1424.0,1401.4000244140625,23231000
1,2019-08-02,7172,1400.0,1385.800048828125,1401.800048828125,1374.0,53738000
1,2019-08-05,7175,1375.0,1377.199951171875,1384.4000244140625,1370.4000244140625,34621500
1,2019-08-06,7176,1327.0,1344.0,1347.0,1324.0,51690000
1,2019-08-07,7177,1345.0,1358.199951171875,1361.5999755859375,1338.0,32479000
1,2019-08-08,7178,1357.5999755859375,1362.0,1368.5999755859375,1353.199951171875,26230500
1,2019-08-09,7179,1367.5999755859375,1367.4000244140625,1374.5999755859375,1365.4000244140625,20134500
1,2019-08-13,7183,1347.4000244140625,1358.0,1365.199951171875,1344.4000244140625,27002000
1,2019-08-14,7184,1376.5999755859375,1370.5999755859375,1378.800048828125,1366.800048828125,21435000
1,2019-08-15,7185,1344.0,1359.0,1361.0,1338.5999755859375,28294000
1,2019-08-16,7186,1358.800048828125,1358.0,1364.0,1349.800048828125,21386000
1,2019-08-19,7189,1363.199951171875,1374.5999755859375,1374.5999755859375,1362.4000244140625,16330000
1,2019-08-20,7190,1377.0,1381.800048828125,1383.5999755859375,1374.800048828125,15744500
1,2019-08-21,7191,1372.5999755859375,1381.800048828125,1383.800048828125,1370.4000244140625,16565000
1,2019-08-22,7192,1386.0,1381.199951171875,1389.199951171875,1378.199951171875,17789500
1,2019-08-23,7193,1376.0,1383.199951171875,1387.5999755859375,1375.4000244140625,16982500
1,2019-08-26,7196,1350.4000244140625,1373.800048828125,1376.5999755859375,1350.0,28013000
1,2019-08-27,7197,1384.800048828125,1383.800048828125,1388.0,1379.4000244140625,18437000
1,2019-08-28,7198,1385.199951171875,1377.800048828125,1388.5999755859375,1377.800048828125,16365500
1,2019-08-29,7199,1386.0,1378.0,1386.4000244140625,1372.4000244140625,17197000
1,2019-08-30,7200,1385.199951171875,1392.0,1392.5999755859375,1379.800048828125,26090500
1,2019-09-02,7203,1393.4000244140625,1390.4000244140625,1395.5999755859375,1388.0,14958000
1,2019-09-03,7204,1394.5999755859375,1401.0,1404.199951171875,1393.800048828125,17891000
1,2019-09-04,7205,1396.4000244140625,1391.199951171875,1398.5999755859375,1386.5999755859375,20682000
1,2019-09-05,7206,1393.0,1400.0,1402.800048828125,1388.4000244140625,31366000
1,2019-09-06,7207,1404.0,1406.0,1412.199951171875,1403.199951171875,22615000
1,2019-09-09,7210,1415.0,1418.4000244140625,1418.5999755859375,1410.800048828125,24045000
1,2019-09-10,7211,1422.0,1436.5999755859375,1436.800048828125,1422.0,23997000
1,2019-09-11,7212,1440.0,1471.0,1471.800048828125,1436.0,40941000
1,2019-09-12,7213,1470.0,1467.800048828125,1476.0,1456.199951171875,35741500
1,2019-09-13,7214,1469.0,1479.199951171875,1481.5999755859375,1464.199951171875,48761500
1,2019-09-17,7218,1477.0,1489.0,1493.5999755859375,1467.5999755859375,33465500
1,2019-09-18,7219,1483.0,1484.0,1490.5999755859375,1481.4000244140625,21804500
1,2019-09-19,7220,1485.199951171875,1472.800048828125,1492.0,1472.800048828125,29757500
1,2019-09-20,7221,1480.0,1480.5999755859375,1487.4000244140625,1475.199951171875,38435000
1,2019-09-24,7225,1488.0,1492.199951171875,1498.800048828125,1485.4000244140625,24173500
1,2019-09-25,7226,1472.800048828125,1468.4000244140625,1473.800048828125,1462.4000244140625,28618000
1,2019-09-26,7227,1481.4000244140625,1485.199951171875,1492.5999755859375,1478.4000244140625,32668500
1,2019-09-27,7228,1473.0,1473.800048828125,1484.5999755859375,1461.0,26278500
1,2019-09-30,7231,1465.0,1443.199951171875,1467.199951171875,1437.199951171875,29145000
1,2019-10-01,7233,1449.0,1449.199951171875,1463.0,1444.5999755859375,21638500
1,2019-10-02,7234,1426.0,1431.800048828125,1441.5999755859375,1425.800048828125,22962000
1,2019-10-03,7235,1406.199951171875,1396.4000244140625,1406.199951171875,1390.199951171875,28000500
1,2019-10-04,7236,1399.800048828125,1399.0,1401.800048828125,1390.199951171875,20632000
1,2019-10-07,7239,1408.800048828125,1397.199951171875,1409.800048828125,1394.0,15077500
1,2019-10-08,7240,1404.0,1417.4000244140625,1420.800048828125,1403.0,24167500
1,2019-10-09,7241,1407.199951171875,1425.0,1428.199951171875,1406.199951171875,24517000
1,2019-10-10,7242,1421.0,1421.5999755859375,1424.800048828125,1402.4000244140625,18087500
1,2019-10-11,7243,1440.0,1453.800048828125,1455.5999755859375,1432.0,23777500
1,2019-10-15,7247,1473.5999755859375,1477.0,1477.0,1464.0,25564500
1,2019-10-16,7248,1488.0,1491.0,1500.0,1486.0,29781000
1,2019-10-17,7249,1477.800048828125,1476.5999755859375,1489.5999755859375,1473.5999755859375,19322500
1,2019-10-18,7250,1478.0,1473.5999755859375,1479.4000244140625,1468.4000244140625,17078000
1,2019-10-21,7253,1475.4000244140625,1480.0,1482.199951171875,1471.5999755859375,14907000
1,2019-10-23,7255,1484.800048828125,1484.0,1488.800048828125,1478.199951171875,19012500
1,2019-10-24,7256,1490.4000244140625,1497.199951171875,1499.4000244140625,1485.5999755859375,25854500
1,2019-10-25,7257,1498.0,1496.4000244140625,1500.0,1489.199951171875,13936000
1,2019-10-28,7260,1499.199951171875,1496.5999755859375,1504.0,1494.800048828125,15688500
1,2019-10-29,7261,1500.0,1509.199951171875,1509.4000244140625,1498.800048828125,22400000
1,2019-10-30,7262,1510.0,1510.800048828125,1510.800048828125,1495.5999755859375,28388000
1,2019-10-31,7263,1506.0,1508.4000244140625,1510.0,1494.0,21406000
1,2019-11-01,7264,1492.0,1510.199951171875,1511.199951171875,1491.5999755859375,16142500
1,2019-11-05,7268,1517.5999755859375,1529.5999755859375,1529.5999755859375,1512.0,29696500
1,2019-11-06,7269,1533.0,1529.800048828125,1536.0,1522.5999755859375,18619000
1,2019-11-07,7270,1529.800048828125,1547.199951171875,1550.0,1522.5999755859375,39295500
1,2019-11-08,7271,1560.0,1581.0,1589.800048828125,1559.4000244140625,51282500
1,2019-11-11,7274,1581.0,1585.800048828125,1585.800048828125,1575.0,24341500
1,2019-11-12,7275,1583.0,1579.199951171875,1583.4000244140625,1569.199951171875,22091000
1,2019-11-13,7276,1587.0,1577.800048828125,1588.5999755859375,1574.199951171875,21212500
1,2019-11-14,7277,1577.5999755859375,1559.0,1577.5999755859375,1555.0,21125500
1,2019-11-15,7278,1555.199951171875,1565.199951171875,1568.199951171875,1554.4000244140625,19458000
1,2019-11-18,7281,1566.800048828125,1567.199951171875,1569.0,1558.800048828125,14417000
1,2019-11-19,7282,1560.800048828125,1550.800048828125,1561.800048828125,1546.5999755859375,21234500
1,2019-11-20,7283,1536.800048828125,1537.5999755859375,1542.0,1529.4000244140625,22594000
1,2019-11-21,7284,1539.199951171875,1543.199951171875,1548.4000244140625,1518.0,25968000
1,2019-11-22,7285,1545.5999755859375,1550.5999755859375,1556.5999755859375,1544.5999755859375,17572000
1,2019-11-25,7288,1558.800048828125,1545.800048828125,1559.0,1543.0,13128000
1,2019-11-26,7289,1557.5999755859375,1541.5999755859375,1564.0,1541.4000244140625,22835500
1,2019-11-27,7290,1541.199951171875,1538.0,1545.5999755859375,1537.0,13720500
1,2019-11-28,7291,1548.0,1544.800048828125,1551.4000244140625,1537.5999755859375,16134500
1,2019-11-29,7292,1548.0,1527.5999755859375,1548.0,1527.5999755859375,18813000
1,2019-12-02,7296,1540.199951171875,1547.5999755859375,1552.199951171875,1536.4000244140625,19566500
1,2019-12-03,7297,1532.5999755859375,1543.5999755859375,1546.5999755859375,1528.800048828125,18352500
1,2019-12-04,7298,1543.800048828125,1556.5999755859375,1557.0,1538.4000244140625,24618000
1,2019-12-05,7299,1560.800048828125,1553.800048828125,1562.0,1548.199951171875,19321000
1,2019-12-06,7300,1560.0,1545.4000244140625,1560.0,1540.4000244140625,16934000
1,2019-12-09,7303,1548.199951171875,1546.0,1549.5999755859375,1535.0,19727000
1,2019-12-10,7304,1540.4000244140625,1530.0,1542.199951171875,1530.0,21967500
1,2019-12-11,7305,1530.199951171875,1532.5999755859375,1539.0,1529.199951171875,18840500
1,2019-12-12,7306,1531.4000244140625,1525.5999755859375,1536.5999755859375,1525.199951171875,18040000
1,2019-12-13,7307,1555.5999755859375,1562.199951171875,1563.800048828125,1551.4000244140625,35951000
1,2019-12-16,7310,1556.0,1557.0,1561.199951171875,1552.199951171875,16988000
1,2019-12-17,7311,1568.0,1563.5999755859375,1568.800048828125,1556.5999755859375,20802500
1,2019-12-18,7312,1570.0,1555.5999755859375,1570.800048828125,1554.199951171875,19569000
1,2019-12-19,7313,1562.0,1566.199951171875,1567.199951171875,1556.800048828125,19471500
1,2019-12-20,7314,1566.0,1548.800048828125,1566.0,1543.5999755859375,31170000
1,2019-12-23,7317,1553.800048828125,1553.199951171875,1558.800048828125,1551.0,11824000
1,2019-12-24,7318,1553.199951171875,1548.199951171875,1553.199951171875,1546.199951171875,9715000
1,2019-12-25,7319,1541.0,1535.199951171875,1543.199951171875,1535.199951171875,8585500
1,2019-12-26,7320,1531.0,1545.0,1545.5999755859375,1529.0,10932000
1,2019-12-27,7321,1552.800048828125,1546.5999755859375,1554.0,1546.5999755859375,10965000
1,2019-12-30,7324,1537.0,1542.800048828125,1549.199951171875,1536.199951171875,14248500
1,2020-01-06,7325,1519.800048828125,1513.0,1525.199951171875,1506.0,33361500
1,2020-01-07,7326,1530.800048828125,1543.0,1544.4000244140625,1523.800048828125,24803500
1,2020-01-08,7327,1513.0,1523.4000244140625,1528.4000244140625,1508.199951171875,28061000
1,2020-01-09,7328,1534.4000244140625,1534.0,1538.0,1527.5999755859375,21265000
1,2020-01-10,7329,1539.0,1532.199951171875,1539.5999755859375,1530.199951171875,17417000
1,2020-01-14,7333,1544.800048828125,1547.800048828125,1550.4000244140625,1540.0,24309500
1,2020-01-15,7334,1536.199951171875,1534.4000244140625,1545.4000244140625,1532.0,21778000
1,2020-01-16,7335,1534.4000244140625,1537.4000244140625,1538.199951171875,1532.199951171875,16113000
1,2020-01-17,7336,1542.4000244140625,1539.0,1542.4000244140625,1534.4000244140625,21640000
1,2020-01-20,7339,1542.800048828125,1556.0,1557.199951171875,1541.199951171875,15775000
1,2020-01-21,7340,1560.4000244140625,1570.800048828125,1578.800048828125,1559.4000244140625,25988000
1,2020-01-22,7341,1570.0,1564.5999755859375,1570.0,1557.4000244140625,22193000
1,2020-01-23,7342,1563.0,1567.199951171875,1572.800048828125,1559.5999755859375,20944000
1,2020-01-24,7343,1567.199951171875,1574.4000244140625,1575.199951171875,1564.0,18572500
1,2020-01-27,7346,1558.5999755859375,1550.4000244140625,1563.4000244140625,1550.4000244140625,24639500
1,2020-01-28,7347,1544.0,1549.4000244140625,1554.199951171875,1541.5999755859375,24655000
1,2020-01-29,7348,1549.0,1553.199951171875,1555.0,1545.0,17979500
1,2020-01-30,7349,1547.199951171875,1526.800048828125,1547.199951171875,1517.5999755859375,24394000
1,2020-01-31,7350,1535.0,1530.4000244140625,1545.199951171875,1530.4000244140625,24543500
1,2020-02-03,7353,1511.4000244140625,1516.0,1523.800048828125,1506.800048828125,23018000
1,2020-02-04,7354,1507.0,1527.800048828125,1528.800048828125,1504.5999755859375,19983000
1,2020-02-05,7355,1542.0,1543.0,1547.0,1536.5999755859375,20036000
1,2020-02-06,7356,1554.800048828125,1582.800048828125,1605.199951171875,1554.0,63677500
1,2020-02-07,7357,1591.800048828125,1572.4000244140625,1593.199951171875,1564.4000244140625,24210500
1,2020-02-10,7360,1557.0,1549.5999755859375,1561.800048828125,1546.800048828125,20189000
1,2020-02-12,7362,1542.0,1558.800048828125,1558.800048828125,1534.5999755859375,25835500
1,2020-02-13,7363,1553.0,1551.5999755859375,1557.4000244140625,1545.4000244140625,17017000
1,2020-02-14,7364,1552.199951171875,1545.800048828125,1553.0,1540.199951171875,18256500
1,2020-02-17,7367,1534.800048828125,1545.0,1547.199951171875,1524.199951171875,15286500
1,2020-02-18,7368,1535.5999755859375,1518.800048828125,1541.4000244140625,1516.199951171875,21080000
1,2020-02-19,7369,1533.4000244140625,1508.5999755859375,1533.5999755859375,1506.0,26228000
1,2020-02-20,7370,1530.0,1550.4000244140625,1555.800048828125,1529.5999755859375,28639500
1,2020-02-21,7371,1557.0,1567.4000244140625,1575.4000244140625,1555.0,25774500
1,2020-02-25,7375,1494.0,1514.800048828125,1528.4000244140625,1490.0,41735000
1,2020-02-26,7376,1500.199951171875,1509.0,1514.4000244140625,1492.800048828125,33874500
1,2020-02-27,7377,1495.199951171875,1476.800048828125,1496.0,1469.800048828125,44234500
1,2020-02-28,7378,1440.4000244140625,1425.4000244140625,1447.800048828125,1400.800048828125,53093500
1,2020-03-02,7383,1388.199951171875,1430.800048828125,1439.0,1386.5999755859375,45307500
1,2020-03-03,7384,1457.5999755859375,1408.800048828125,1469.5999755859375,1408.800048828125,40353500
1,2020-03-04,7385,1393.5999755859375,1394.800048828125,1411.199951171875,1384.0,29270500
1,2020-03-05,7386,1414.800048828125,1401.5999755859375,1418.0,1392.4000244140625,29305000
1,2020-03-06,7387,1380.0,1358.800048828125,1380.199951171875,1350.199951171875,41045000
1,2020-03-09,7390,1314.0,1299.0,1317.4000244140625,1275.199951171875,44313500
1,2020-03-10,7391,1279.0,1320.0,1332.0,1253.199951171875,49111500
1,2020-03-11,7392,1326.0,1307.0,1366.0,1302.4000244140625,41369500
1,2020-03-12,7393,1280.0,1261.800048828125,1289.800048828125,1245.800048828125,47994000
1,2020-03-13,7394,1185.199951171875,1216.800048828125,1268.5999755859375,1154.199951171875,79205000
1,2020-03-16,7397,1215.800048828125,1188.199951171875,1235.5999755859375,1185.4000244140625,46524000
1,2020-03-17,7398,1170.5999755859375,1272.0,1290.0,1164.4000244140625,81134000
1,2020-03-18,7399,1265.0,1263.4000244140625,1355.4000244140625,1260.0,92084000
1,2020-03-19,7400,1264.0,1279.0,1317.800048828125,1263.5999755859375,93711500
1,2020-03-23,7404,1239.0,1234.4000244140625,1255.800048828125,1227.800048828125,77562000
1,2020-03-24,7405,1253.0,1250.5999755859375,1259.0,1223.0,60464000
1,2020-03-25,7406,1309.0,1383.800048828125,1383.800048828125,1299.4000244140625,64061000
1,2020-03-26,7407,1350.0,1343.5999755859375,1366.4000244140625,1327.5999755859375,60223000
1,2020-03-27,7408,1396.0,1405.800048828125,1405.800048828125,1346.5999755859375,76307000
1,2020-03-30,7411,1341.800048828125,1359.4000244140625,1363.4000244140625,1317.800048828125,57345500
1,2020-03-31,7412,1355.199951171875,1300.199951171875,1359.4000244140625,1297.199951171875,58846000
1,2020-04-01,7413,1286.0,1266.199951171875,1320.5999755859375,1252.0,55771500
1,2020-04-02,7414,1266.0,1257.4000244140625,1281.0,1254.0,50396500
1,2020-04-03,7415,1250.0,1239.0,1274.4000244140625,1232.5999755859375,40147000
1,2020-04-06,7418,1246.0,1316.0,1326.800048828125,1234.4000244140625,52831500
1,2020-04-07,7419,1332.199951171875,1323.5999755859375,1347.4000244140625,1288.800048828125,47160500
1,2020-04-08,7420,1328.199951171875,1350.5999755859375,1354.199951171875,1310.5999755859375,42991000
1,2020-04-09,7421,1343.800048828125,1336.0,1345.800048828125,1321.800048828125,28752000
1,2020-04-10,7422,1316.0,1327.0,1338.199951171875,1310.199951171875,29598000
1,2020-04-13,7425,1312.0,1305.0,1327.199951171875,1303.199951171875,20673000
1,2020-04-14,7426,1307.0,1350.0,1351.0,1307.0,33582500
1,2020-04-15,7427,1336.0,1347.5999755859375,1350.0,1330.199951171875,26336000
1,2020-04-16,7428,1318.4000244140625,1320.4000244140625,1324.0,1312.199951171875,28434000
1,2020-04-17,7429,1327.5999755859375,1351.199951171875,1358.4000244140625,1324.800048828125,33658500
1,2020-04-20,7432,1333.0,1327.0,1345.0,1327.0,22320000
1,2020-04-21,7433,1323.800048828125,1312.0,1330.800048828125,1311.199951171875,22528000
1,2020-04-22,7434,1301.0,1300.0,1305.800048828125,1290.199951171875,23568000
1,2020-04-23,7435,1310.5999755859375,1314.0,1314.5999755859375,1302.5999755859375,17181000
1,2020-04-24,7436,1290.0,1308.5999755859375,1314.0,1289.4000244140625,24035000
1,2020-04-27,7439,1311.199951171875,1331.800048828125,1334.0,1308.4000244140625,21065000
1,2020-04-28,7440,1326.4000244140625,1337.0,1346.0,1323.0,19544000
1,2020-04-30,7442,1364.0,1333.199951171875,1375.0,1332.4000244140625,40368500
1,2020-05-01,7444,1320.5999755859375,1298.800048828125,1325.800048828125,1291.5999755859375,30841000
1,2020-05-07,7450,1276.4000244140625,1282.800048828125,1291.4000244140625,1274.5999755859375,29652000
1,2020-05-08,7451,1289.5999755859375,1298.4000244140625,1302.199951171875,1284.199951171875,27246000
1,2020-05-11,7454,1324.0,1331.5999755859375,1335.0,1316.4000244140625,25900000
1,2020-05-12,7455,1322.0,1305.4000244140625,1331.0,1297.0,39047000
1,2020-05-13,7456,1282.4000244140625,1276.800048828125,1292.0,1274.4000244140625,40657500
1,2020-05-14,7457,1260.0,1248.5999755859375,1265.199951171875,1248.5999755859375,32473000
1,2020-05-15,7458,1260.0,1249.800048828125,1264.0,1241.5999755859375,27393000
1,2020-05-18,7461,1256.0,1251.4000244140625,1260.0,1249.5999755859375,21725000
1,2020-05-19,7462,1269.199951171875,1286.199951171875,1292.4000244140625,1267.5999755859375,35095000
1,2020-05-20,7463,1280.4000244140625,1283.0,1286.199951171875,1277.4000244140625,21370500
1,2020-05-21,7464,1288.199951171875,1272.4000244140625,1289.0,1270.800048828125,17638000
1,2020-05-22,7465,1284.0,1257.800048828125,1287.199951171875,1256.0,23268500
1,2020-05-25,7468,1277.0,1276.5999755859375,1279.0,1267.199951171875,15351500
1,2020-05-26,7469,1288.0,1329.800048828125,1336.0,1285.199951171875,38703000
1,2020-05-27,7470,1328.0,1348.0,1355.0,1318.4000244140625,38496500
1,2020-05-28,7471,1367.800048828125,1394.5999755859375,1396.0,1365.199951171875,48670500
1,2020-05-29,7472,1380.0,1351.0,1389.0,1351.0,109161500
1,2020-06-01,7475,1357.0,1344.0,1364.0,1337.0,22533500
1,2020-06-02,7476,1357.0,1354.800048828125,1373.0,1353.5999755859375,29813500
1,2020-06-03,7477,1380.0,1383.0,1387.4000244140625,1372.0,32221500
1,2020-06-04,7478,1401.4000244140625,1394.800048828125,1420.0,1386.5999755859375,39300000
1,2020-06-05,7479,1389.199951171875,1413.4000244140625,1413.4000244140625,1388.0,26825500
1,2020-06-08,7482,1432.0,1433.4000244140625,1434.800048828125,1421.199951171875,31710500
1,2020-06-09,7483,1420.0,1424.199951171875,1425.800048828125,1404.0,29232500
1,2020-06-10,7484,1412.199951171875,1418.800048828125,1428.0,1402.199951171875,23854000
1,2020-06-11,7485,1388.800048828125,1381.0,1411.4000244140625,1381.0,29786000
1,2020-06-12,7486,1348.4000244140625,1370.5999755859375,1378.199951171875,1340.5999755859375,36581500
1,2020-06-15,7489,1364.0,1340.0,1379.0,1340.0,21524000
1,2020-06-16,7490,1376.0,1404.199951171875,1411.4000244140625,1368.5999755859375,36452000
1,2020-06-17,7491,1400.0,1388.800048828125,1401.0,1381.0,23684000
1,2020-06-18,7492,1376.0,1377.4000244140625,1388.0,1368.5999755859375,17525500
1,2020-06-19,7493,1381.5999755859375,1370.199951171875,1382.4000244140625,1365.0,29101500
1,2020-06-22,7496,1359.800048828125,1363.5999755859375,1374.0,1356.0,14133000
1,2020-06-23,7497,1376.4000244140625,1379.199951171875,1393.800048828125,1365.4000244140625,25700000
1,2020-06-24,7498,1379.199951171875,1395.4000244140625,1402.4000244140625,1379.0,26051000
1,2020-06-25,7499,1375.4000244140625,1359.0,1377.5999755859375,1358.5999755859375,29914500
1,2020-06-26,7500,1364.5999755859375,1373.5999755859375,1380.800048828125,1364.199951171875,23512000
1,2020-06-29,7503,1356.0,1351.800048828125,1361.4000244140625,1347.4000244140625,25504000
1,2020-06-30,7504,1374.0,1352.4000244140625,1375.5999755859375,1350.0,23943500
1,2020-07-01,7506,1352.0,1331.199951171875,1355.0,1328.5999755859375,25141000
1,2020-07-02,7507,1334.199951171875,1355.4000244140625,1364.199951171875,1332.4000244140625,28370500
1,2020-07-03,7508,1355.199951171875,1352.199951171875,1358.0,1342.5999755859375,19218500
1,2020-07-06,7511,1361.0,1371.800048828125,1371.800048828125,1353.5999755859375,20675000
1,2020-07-07,7512,1372.0,1354.0,1372.800048828125,1349.5999755859375,21976000
1,2020-07-08,7513,1353.800048828125,1345.5999755859375,1363.800048828125,1345.199951171875,23367000
1,2020-07-09,7514,1340.0,1341.800048828125,1351.4000244140625,1336.199951171875,20008500
1,2020-07-10,7515,1333.0,1313.5999755859375,1334.5999755859375,1313.5999755859375,33231500
1,2020-07-13,7518,1335.0,1352.4000244140625,1354.199951171875,1323.5999755859375,26204500
1,2020-07-14,7519,1339.199951171875,1348.800048828125,1358.5999755859375,1339.0,20668000
1,2020-07-15,7520,1360.0,1367.0,1374.0,1359.0,23768000
1,2020-07-16,7521,1359.800048828125,1358.0,1371.800048828125,1353.5999755859375,26943000
1,2020-07-17,7522,1363.0,1362.5999755859375,1371.5999755859375,1361.199951171875,16074000
1,2020-07-20,7525,1357.0,1358.800048828125,1365.4000244140625,1354.0,12793000
1,2020-07-21,7526,1366.0,1355.0,1368.0,1351.199951171875,20404000
1,2020-07-22,7527,1355.0,1345.800048828125,1361.800048828125,1345.800048828125,17611000
1,2020-07-27,7532,1326.5999755859375,1347.4000244140625,1349.5999755859375,1326.199951171875,25582000
1,2020-07-28,7533,1335.199951171875,1327.199951171875,1341.199951171875,1324.0,23719000
1,2020-07-29,7534,1312.199951171875,1286.5999755859375,1315.5999755859375,1286.5999755859375,32327500
1,2020-07-30,7535,1301.800048828125,1287.0,1304.5999755859375,1283.5999755859375,22763000
1,2020-07-31,7536,1272.0,1243.4000244140625,1276.199951171875,1243.4000244140625,32558500
1,2020-08-03,7539,1261.800048828125,1266.0,1267.5999755859375,1251.0,20577000
1,2020-08-04,7540,1280.0,1307.800048828125,1308.4000244140625,1279.800048828125,24323500
1,2020-08-05,7541,1302.199951171875,1329.5999755859375,1330.0,1297.800048828125,26741000
1,2020-08-06,7542,1322.0,1360.0,1370.0,1313.0,56855000
1,2020-08-07,7543,1362.0,1375.5999755859375,1389.0,1362.0,38323500
1,2020-08-11,7547,1394.0,1430.0,1430.0,1391.0,47353500
1,2020-08-12,7548,1428.199951171875,1448.800048828125,1452.5999755859375,1425.4000244140625,34724500
1,2020-08-13,7549,1460.199951171875,1457.0,1476.0,1457.0,34598000
1,2020-08-14,7550,1448.800048828125,1436.199951171875,1451.0,1433.5999755859375,24891000
1,2020-08-17,7553,1442.5999755859375,1431.199951171875,1456.800048828125,1431.199951171875,16037000
1,2020-08-18,7554,1442.0,1435.199951171875,1445.800048828125,1425.199951171875,21201000
1,2020-08-19,7555,1422.0,1439.0,1439.199951171875,1412.800048828125,16316500
1,2020-08-20,7556,1432.800048828125,1416.800048828125,1437.199951171875,1415.4000244140625,14443500
1,2020-08-21,7557,1430.800048828125,1416.4000244140625,1436.4000244140625,1416.199951171875,14287000
1,2020-08-24,7560,1422.4000244140625,1413.0,1423.199951171875,1413.0,13343500
1,2020-08-25,7561,1428.0,1429.800048828125,1442.5999755859375,1425.4000244140625,20393000
1,2020-08-26,7562,1423.800048828125,1424.5999755859375,1435.199951171875,1418.800048828125,13868500
1,2020-08-27,7563,1416.0,1414.5999755859375,1417.5999755859375,1407.800048828125,12679500
1,2020-08-28,7564,1428.4000244140625,1411.199951171875,1436.5999755859375,1395.5999755859375,28873000
1,2020-08-31,7567,1421.4000244140625,1401.199951171875,1425.5999755859375,1401.199951171875,22006500
1,2020-09-01,7568,1398.0,1395.800048828125,1400.0,1385.199951171875,19728000
1,2020-09-02,7569,1394.4000244140625,1394.4000244140625,1401.0,1391.199951171875,14908500
1,2020-09-03,7570,1407.800048828125,1398.199951171875,1407.800048828125,1395.0,16797000
1,2020-09-04,7571,1390.0,1409.199951171875,1416.199951171875,1387.5999755859375,20013500
1,2020-09-07,7574,1401.800048828125,1393.199951171875,1408.0,1388.199951171875,20615500
1,2020-09-08,7575,1401.0,1403.0,1403.800048828125,1391.199951171875,21390500
1,2020-09-09,7576,1381.5999755859375,1377.199951171875,1386.800048828125,1367.5999755859375,35819500
1,2020-09-10,7577,1390.800048828125,1391.0,1391.0,1382.0,21490000
1,2020-09-11,7578,1371.0,1391.199951171875,1391.199951171875,1370.800048828125,23824500
1,2020-09-14,7581,1396.800048828125,1409.4000244140625,1410.0,1395.800048828125,16699500
1,2020-09-15,7582,1416.0,1413.199951171875,1431.0,1408.199951171875,18899000
1,2020-09-16,7583,1409.0,1412.800048828125,1413.4000244140625,1400.4000244140625,15153000
1,2020-09-17,7584,1404.5999755859375,1404.199951171875,1416.4000244140625,1401.0,16123000
1,2020-09-18,7585,1415.0,1407.5999755859375,1418.4000244140625,1406.199951171875,28528000
1,2020-09-23,7590,1413.0,1416.199951171875,1420.0,1397.800048828125,28209500
1,2020-09-24,7591,1403.5999755859375,1385.5999755859375,1408.4000244140625,1385.5999755859375,24755500
1,2020-09-25,7592,1401.5999755859375,1406.199951171875,1413.0,1398.0,25681000
1,2020-09-28,7595,1409.4000244140625,1435.800048828125,1435.800048828125,1399.4000244140625,37334000
1,2020-09-29,7596,1419.800048828125,1422.5999755859375,1432.0,1413.5999755859375,29231000
1,2020-09-30,7597,1402.0,1386.4000244140625,1415.800048828125,1385.800048828125,27261500
1,2020-10-02,7600,1384.0,1378.199951171875,1400.5999755859375,1372.4000244140625,24475000
1,2020-10-05,7603,1395.5999755859375,1381.800048828125,1396.5999755859375,1377.199951171875,20136000
1,2020-10-06,7604,1381.800048828125,1391.5999755859375,1396.800048828125,1377.4000244140625,23551000
1,2020-10-07,7605,1385.5999755859375,1400.5999755859375,1400.5999755859375,1380.800048828125,21226000
1,2020-10-08,7606,1402.0,1406.800048828125,1415.5999755859375,1397.0,24101500
1,2020-10-09,7607,1405.199951171875,1393.4000244140625,1405.800048828125,1389.4000244140625,16979500
1,2020-10-12,7610,1386.4000244140625,1382.199951171875,1389.0,1380.0,13191000
1,2020-10-13,7611,1395.4000244140625,1406.0,1406.0,1389.199951171875,18338500
1,2020-10-14,7612,1392.4000244140625,1387.0,1394.0,1383.800048828125,15327000
1,2020-10-15,7613,1379.5999755859375,1383.0,1386.5999755859375,1379.0,14224000
1,2020-10-16,7614,1388.0,1365.800048828125,1388.800048828125,1365.0,18851000
1,2020-10-19,7617,1374.800048828125,1389.0,1389.5999755859375,1374.0,15235000
1,2020-10-20,7618,1385.199951171875,1379.4000244140625,1389.0,1377.800048828125,11712000
1,2020-10-21,7619,1392.4000244140625,1401.800048828125,1410.4000244140625,1391.199951171875,23975000
1,2020-10-22,7620,1393.4000244140625,1393.199951171875,1396.800048828125,1388.199951171875,16037500
1,2020-10-23,7621,1401.800048828125,1394.5999755859375,1402.0,1388.800048828125,19816500
1,2020-10-26,7624,1394.0,1398.0,1400.5999755859375,1391.0,13375000
1,2020-10-27,7625,1394.0,1392.199951171875,1398.5999755859375,1384.800048828125,16171500
1,2020-10-28,7626,1377.5999755859375,1379.0,1385.4000244140625,1369.0,18801000
1,2020-10-29,7627,1359.0,1378.5999755859375,1384.800048828125,1356.0,20499500
1,2020-10-30,7628,1369.5999755859375,1360.5999755859375,1375.5999755859375,1360.5999755859375,26039000
1,2020-11-02,7631,1373.199951171875,1389.800048828125,1403.199951171875,1370.0,28606000
1,2020-11-04,7633,1404.800048828125,1395.199951171875,1410.800048828125,1395.199951171875,31390500
1,2020-11-05,7634,1391.0,1396.800048828125,1406.4000244140625,1384.5999755859375,28217000
1,2020-11-06,7635,1414.0,1403.800048828125,1430.4000244140625,1403.0,55464500
1,2020-11-09,7638,1431.800048828125,1434.5999755859375,1448.4000244140625,1423.800048828125,39193000
1,2020-11-10,7639,1464.0,1453.4000244140625,1472.0,1442.4000244140625,44128500
1,2020-11-11,7640,1478.0,1500.5999755859375,1500.5999755859375,1473.800048828125,50376500
1,2020-11-12,7641,1495.4000244140625,1487.0,1501.4000244140625,1476.0,29082000
1,2020-11-13,7642,1485.4000244140625,1463.199951171875,1490.4000244140625,1457.0,28673000
1,2020-11-16,7645,1480.0,1494.800048828125,1495.0,1472.199951171875,27563500
1,2020-11-17,7646,1499.4000244140625,1487.800048828125,1499.5999755859375,1480.5999755859375,23499500
1,2020-11-18,7647,1480.199951171875,1463.800048828125,1485.0,1458.0,22772000
1,2020-11-19,7648,1471.5999755859375,1460.199951171875,1479.4000244140625,1444.5999755859375,32636500
1,2020-11-20,7649,1457.5999755859375,1470.4000244140625,1470.4000244140625,1450.5999755859375,20376000
1,2020-11-24,7653,1495.4000244140625,1486.199951171875,1503.199951171875,1482.800048828125,27571500
1,2020-11-25,7654,1500.0,1470.0,1504.800048828125,1464.4000244140625,33473500
1,2020-11-26,7655,1456.0,1460.199951171875,1464.0,1452.800048828125,22660000
1,2020-11-27,7656,1460.0,1450.4000244140625,1465.4000244140625,1437.5999755859375,37279000
1,2020-11-30,7659,1453.5999755859375,1399.800048828125,1455.800048828125,1399.800048828125,46772500
1,2020-12-01,7661,1422.199951171875,1403.5999755859375,1430.199951171875,1396.0,31431500
1,2020-12-02,7662,1431.5999755859375,1415.800048828125,1433.800048828125,1410.0,34411500
1,2020-12-03,7663,1435.800048828125,1432.800048828125,1440.4000244140625,1423.5999755859375,31729000
1,2020-12-04,7664,1423.0,1436.199951171875,1443.800048828125,1421.800048828125,23686000
1,2020-12-07,7667,1450.0,1440.800048828125,1452.5999755859375,1433.5999755859375,22603500
1,2020-12-08,7668,1432.0,1439.800048828125,1445.5999755859375,1424.4000244140625,20672000
1,2020-12-09,7669,1449.4000244140625,1469.800048828125,1473.0,1446.5999755859375,28535500
1,2020-12-10,7670,1480.5999755859375,1496.0,1499.5999755859375,1476.800048828125,32708000
1,2020-12-11,7671,1520.4000244140625,1564.0,1564.0,1516.5999755859375,78526000
1,2020-12-14,7674,1570.0,1590.4000244140625,1599.5999755859375,1563.0,45357000
1,2020-12-15,7675,1585.5999755859375,1581.0,1593.0,1573.0,24025500
1,2020-12-16,7676,1590.0,1596.0,1603.199951171875,1586.0,29555500
1,2020-12-17,7677,1600.199951171875,1600.0,1609.0,1593.4000244140625,25085500
1,2020-12-18,7678,1590.0,1582.199951171875,1593.800048828125,1577.5999755859375,34311000
1,2020-12-21,7681,1584.4000244140625,1570.0,1585.800048828125,1557.800048828125,23712000
1,2020-12-22,7682,1558.0,1555.4000244140625,1571.800048828125,1546.0,19459000
1,2020-12-23,7683,1558.0,1544.0,1563.0,1540.199951171875,17744000
1,2020-12-24,7684,1561.199951171875,1548.5999755859375,1563.0,1545.0,13676000
1,2020-12-25,7685,1552.0,1557.800048828125,1559.4000244140625,1550.0,9966500
1,2020-12-28,7688,1560.4000244140625,1579.5999755859375,1579.5999755859375,1555.800048828125,18226500
1,2020-12-29,7689,1589.0,1602.800048828125,1603.4000244140625,1588.0,25593500
1,2020-12-30,7690,1588.5999755859375,1591.4000244140625,1606.0,1585.0,23459000
1,2021-01-04,7689,1606.0,1585.5999755859375,1606.0,1578.4000244140625,21387000
1,2021-01-05,7690,1570.0,1562.4000244140625,1582.4000244140625,1559.199951171875,29285500
1,2021-01-06,7691,1566.800048828125,1563.5999755859375,1575.4000244140625,1559.4000244140625,21993000
1,2021-01-07,7692,1582.0,1563.5999755859375,1582.4000244140625,1563.5999755859375,28129500
1,2021-01-08,7693,1564.800048828125,1587.800048828125,1587.800048828125,1564.4000244140625,30802500
1,2021-01-12,7697,1578.4000244140625,1578.4000244140625,1585.800048828125,1566.199951171875,26775500
1,2021-01-13,7698,1570.0,1569.199951171875,1573.4000244140625,1561.800048828125,25074000
1,2021-01-14,7699,1562.0,1572.5999755859375,1575.4000244140625,1558.0,27088000
1,2021-01-15,7700,1561.199951171875,1546.5999755859375,1566.5999755859375,1544.0,30425000
1,2021-01-18,7703,1546.5999755859375,1527.199951171875,1547.800048828125,1520.4000244140625,19487000
1,2021-01-19,7704,1532.0,1541.5999755859375,1549.199951171875,1530.199951171875,20948500
1,2021-01-20,7705,1541.5999755859375,1537.199951171875,1544.5999755859375,1521.199951171875,22139500
1,2021-01-21,7706,1543.5999755859375,1548.800048828125,1563.5999755859375,1542.4000244140625,26310000
1,2021-01-22,7707,1540.0,1532.0,1549.5999755859375,1532.0,22639500
1,2021-01-25,7710,1536.4000244140625,1535.4000244140625,1536.4000244140625,1524.800048828125,19970000
1,2021-01-26,7711,1509.0,1500.0,1517.5999755859375,1500.0,34543000
1,2021-01-27,7712,1503.4000244140625,1505.5999755859375,1507.800048828125,1493.0,35456000
1,2021-01-28,7713,1460.5999755859375,1479.4000244140625,1492.4000244140625,1459.5999755859375,108059000
1,2021-01-29,7714,1490.0,1460.0,1494.0,1460.0,37625000
1,2021-02-01,7717,1455.5999755859375,1458.800048828125,1463.4000244140625,1443.199951171875,30239000
1,2021-02-02,7718,1472.0,1491.0,1491.0,1459.5999755859375,27231500
1,2021-02-03,7719,1518.0,1556.4000244140625,1557.5999755859375,1516.0,47840000
1,2021-02-04,7720,1560.0,1551.800048828125,1574.0,1542.5999755859375,25249500
1,2021-02-05,7721,1578.5999755859375,1584.4000244140625,1594.800048828125,1571.199951171875,39170500
1,2021-02-08,7724,1599.800048828125,1607.4000244140625,1616.0,1597.800048828125,37398500
1,2021-02-09,7725,1616.0,1598.800048828125,1620.0,1587.4000244140625,34224000
1,2021-02-10,7726,1602.0,1626.0,1650.0,1601.0,77501000
1,2021-02-12,7728,1667.0,1682.5999755859375,1699.4000244140625,1651.800048828125,63439000
1,2021-02-15,7731,1679.0,1691.199951171875,1693.0,1667.0,32680500
1,2021-02-16,7732,1693.0,1660.5999755859375,1693.199951171875,1654.0,38830000
1,2021-02-17,7733,1660.0,1649.4000244140625,1660.4000244140625,1636.800048828125,22478500
1,2021-02-18,7734,1660.0,1618.5999755859375,1662.0,1610.199951171875,35121000
1,2021-02-19,7735,1610.0,1613.0,1615.4000244140625,1598.0,20686500
1,2021-02-22,7738,1629.4000244140625,1612.0,1635.0,1609.5999755859375,19143000
1,2021-02-24,7740,1627.5999755859375,1578.199951171875,1627.5999755859375,1576.0,32805000
1,2021-02-25,7741,1611.0,1603.5999755859375,1622.199951171875,1603.5999755859375,23664000
1,2021-02-26,7742,1589.5999755859375,1574.5999755859375,1595.4000244140625,1566.800048828125,37634000
1,2021-03-01,7748,1582.199951171875,1585.0,1587.0,1570.199951171875,19482000
1,2021-03-02,7749,1599.800048828125,1584.5999755859375,1603.0,1568.0,24477000
1,2021-03-03,7750,1595.800048828125,1594.199951171875,1604.800048828125,1581.0,21733500
1,2021-03-04,7751,1600.0,1584.4000244140625,1600.4000244140625,1560.800048828125,27260000
1,2021-03-05,7752,1582.0,1593.800048828125,1593.800048828125,1557.199951171875,33935000
1,2021-03-08,7755,1617.800048828125,1592.199951171875,1629.4000244140625,1584.4000244140625,34496000
1,2021-03-09,7756,1617.800048828125,1637.800048828125,1637.800048828125,1604.0,40585000
1,2021-03-10,7757,1640.0,1625.5999755859375,1642.5999755859375,1621.0,28637000
1,2021-03-11,7758,1630.800048828125,1618.199951171875,1635.800048828125,1612.0,29117500
1,2021-03-12,7759,1614.0,1629.0,1629.0,1603.5999755859375,32525000
1,2021-03-15,7762,1642.199951171875,1668.0,1668.0,1642.0,32264000
1,2021-03-16,7763,1666.5999755859375,1653.800048828125,1666.5999755859375,1643.5999755859375,28501000
1,2021-03-17,7764,1642.0,1661.5999755859375,1661.5999755859375,1626.5999755859375,26795500
1,2021-03-18,7765,1680.4000244140625,1730.0,1730.0,1678.800048828125,74761500
1,2021-03-19,7766,1729.0,1728.800048828125,1742.4000244140625,1721.5999755859375,49527500
1,2021-03-22,7769,1710.5999755859375,1672.4000244140625,1712.0,1672.4000244140625,43614000
1,2021-03-23,7770,1681.4000244140625,1660.800048828125,1693.800048828125,1660.800048828125,30356500
1,2021-03-24,7771,1649.0,1624.0,1661.0,1622.5999755859375,37637000
1,2021-03-25,7772,1645.5999755859375,1631.4000244140625,1649.0,1626.4000244140625,31401000
1,2021-03-26,7773,1655.4000244140625,1671.800048828125,1675.199951171875,1647.0,28822500
1,2021-03-29,7776,1698.0,1693.0,1702.4000244140625,1676.199951171875,46138500
1,2021-03-30,7777,1682.5999755859375,1672.4000244140625,1684.199951171875,1645.4000244140625,36770500
1,2021-03-31,7778,1692.800048828125,1723.199951171875,1729.800048828125,1688.199951171875,54920000
1,2021-04-01,7779,1738.800048828125,1684.5999755859375,1739.0,1680.4000244140625,32919500
1,2021-04-02,7780,1702.0,1692.4000244140625,1719.0,1686.4000244140625,21686500
1,2021-04-05,7783,1699.0,1692.199951171875,1700.800048828125,1684.199951171875,20385000
1,2021-04-06,7784,1714.0,1673.199951171875,1714.0,1668.199951171875,27262000
1,2021-04-07,7785,1694.800048828125,1697.4000244140625,1709.5999755859375,1681.0,29696000
1,2021-04-08,7786,1699.5999755859375,1683.5999755859375,1699.5999755859375,1678.0,22586000
1,2021-04-09,7787,1686.0,1683.5999755859375,1704.800048828125,1680.800048828125,30089500
1,2021-04-12,7790,1689.5999755859375,1687.0,1702.800048828125,1687.0,19728000
1,2021-04-13,7791,1690.4000244140625,1701.4000244140625,1712.199951171875,1689.5999755859375,23458000
1,2021-04-14,7792,1693.4000244140625,1697.0,1702.800048828125,1683.199951171875,22063500
1,2021-04-15,7793,1710.0,1712.800048828125,1719.199951171875,1704.199951171875,21805500
1,2021-04-16,7794,1715.0,1706.0,1715.5999755859375,1698.0,16660000
1,2021-04-19,7797,1705.5999755859375,1704.4000244140625,1709.199951171875,1696.5999755859375,15545000
1,2021-04-20,7798,1697.4000244140625,1683.5999755859375,1697.4000244140625,1678.4000244140625,27998500
1,2021-04-21,7799,1660.0,1642.4000244140625,1662.800048828125,1638.0,39924000
1,2021-04-22,7800,1673.199951171875,1673.5999755859375,1683.0,1659.5999755859375,22731500
1,2021-04-23,7801,1658.0,1655.4000244140625,1659.199951171875,1645.4000244140625,18558000
1,2021-04-26,7804,1667.199951171875,1653.0,1668.5999755859375,1650.5999755859375,17808500
1,2021-04-27,7805,1645.5999755859375,1634.4000244140625,1651.199951171875,1632.800048828125,21835000
1,2021-04-28,7806,1640.0,1659.800048828125,1663.5999755859375,1636.800048828125,26628000
1,2021-04-30,7808,1666.4000244140625,1625.4000244140625,1666.4000244140625,1622.0,34068000
1,2021-05-06,7815,1670.0,1672.5999755859375,1682.4000244140625,1655.199951171875,37632000
1,2021-05-07,7816,1670.199951171875,1672.800048828125,1674.0,1656.800048828125,16326000
1,2021-05-10,7819,1681.0,1701.199951171875,1705.5999755859375,1679.0,22024000
1,2021-05-11,7820,1694.199951171875,1668.199951171875,1700.5999755859375,1660.199951171875,27511500
1,2021-05-12,7821,1668.0,1704.5999755859375,1713.4000244140625,1636.800048828125,62621500
1,2021-05-13,7822,1700.0,1678.4000244140625,1707.0,1675.0,36050500
1,2021-05-14,7823,1689.800048828125,1695.5999755859375,1703.199951171875,1668.199951171875,29576500
1,2021-05-17,7826,1716.0,1729.5999755859375,1735.199951171875,1709.800048828125,33781500
1,2021-05-18,7827,1740.0,1763.800048828125,1773.800048828125,1739.800048828125,45978500
1,2021-05-19,7828,1750.0,1739.800048828125,1759.5999755859375,1736.0,33108500
1,2021-05-20,7829,1736.0,1733.0,1741.0,1724.5999755859375,18772500
1,2021-05-21,7830,1740.5999755859375,1748.5999755859375,1754.5999755859375,1734.5999755859375,25783500
1,2021-05-24,7833,1756.800048828125,1767.0,1789.800048828125,1754.199951171875,29395000
1,2021-05-25,7834,1776.4000244140625,1775.4000244140625,1779.199951171875,1763.5999755859375,21782000
1,2021-05-26,7835,1771.0,1781.199951171875,1799.5999755859375,1768.199951171875,31566500
1,2021-05-27,7836,1780.199951171875,1796.0,1800.0,1778.0,61763500
1,2021-05-28,7837,1826.0,1827.0,1836.0,1814.4000244140625,39897000
1,2021-05-31,7840,1827.0,1823.0,1845.4000244140625,1820.0,37511500
1,2021-06-01,7841,1826.0,1884.5999755859373,1884.5999755859373,1826.0,45532500
1,2021-06-02,7842,1906.800048828125,1925.5999755859373,1927.5999755859373,1885.5999755859373,57631500
1,2021-06-03,7843,1942.0,1958.0,1991.4000244140625,1938.199951171875,61649500
1,2021-06-04,7844,1981.800048828125,1989.800048828125,1993.199951171875,1960.4000244140625,49867000
1,2021-06-07,7847,1990.5999755859373,1983.4000244140625,1994.199951171875,1973.0,31870000
1,2021-06-08,7848,1967.5999755859373,1971.199951171875,1979.800048828125,1957.0,26894500
1,2021-06-09,7849,1967.199951171875,1981.199951171875,1990.0,1962.800048828125,22140500
1,2021-06-10,7850,1966.0,1973.199951171875,1983.5999755859373,1964.0,20786500
1,2021-06-11,7851,1969.199951171875,1972.199951171875,1980.5999755859373,1956.0,32905500
1,2021-06-14,7854,1986.0,1980.0,1991.5999755859373,1976.5999755859373,15667000
1,2021-06-15,7855,1983.199951171875,2015.0,2018.0,1976.800048828125,36932500
1,2021-06-16,7856,2027.0,2035.0,2066.0,2021.0,31059500
1,2021-06-17,7857,2029.0,2046.0,2052.0,2021.0,21280500
1,2021-06-18,7858,2026.0,1966.5999755859373,2026.0,1966.5999755859373,61132000
1,2021-06-21,7861,1919.0,1927.5999755859373,1952.5999755859373,1912.0,47090500
1,2021-06-22,7862,1983.0,1992.0,1997.0,1968.4000244140625,38258000
1,2021-06-23,7863,1970.0,1956.4000244140625,1977.0,1953.0,32535000
1,2021-06-24,7864,1980.0,1964.800048828125,1980.199951171875,1962.199951171875,22403500
1,2021-06-25,7865,1978.199951171875,1969.800048828125,1981.0,1963.4000244140625,20322000
1,2021-06-28,7868,1970.4000244140625,1968.4000244140625,1975.5999755859373,1961.4000244140625,16448500
1,2021-06-29,7869,1957.199951171875,1948.0,1958.5999755859373,1938.199951171875,21674000
1,2021-06-30,7870,1954.800048828125,1942.0,1957.0,1942.0,20215500
1,2021-07-01,7872,1945.5999755859373,1938.0,1947.800048828125,1927.0,21939000
1,2021-07-02,7873,1950.4000244140625,1964.0,1972.0,1947.800048828125,22461000
1,2021-07-05,7876,1947.800048828125,1954.4000244140625,1961.0,1947.800048828125,15841500
1,2021-07-06,7877,1959.5999755859373,1958.800048828125,1964.4000244140625,1949.199951171875,13521000
1,2021-07-07,7878,1945.800048828125,1946.800048828125,1950.199951171875,1934.199951171875,22735500
1,2021-07-08,7879,1940.199951171875,1935.0,1953.5999755859373,1935.0,25416500
1,2021-07-09,7880,1914.199951171875,1930.0,1935.800048828125,1894.4000244140625,43443500
1,2021-07-12,7883,1966.0,1963.0,1969.800048828125,1951.800048828125,22882000
1,2021-07-13,7884,1974.0,1973.0,1976.800048828125,1964.800048828125,16499500
1,2021-07-14,7885,1960.0,1973.800048828125,2002.0,1958.0,28623500
1,2021-07-15,7886,1976.0,1966.4000244140625,1983.800048828125,1960.5999755859373,18423000
1,2021-07-16,7887,1963.199951171875,1973.199951171875,1986.0,1960.5999755859373,18315000
1,2021-07-19,7890,1957.0,1948.0,1962.800048828125,1943.4000244140625,20903000
1,2021-07-20,7891,1936.0,1922.4000244140625,1937.800048828125,1919.199951171875,31507000
1,2021-07-21,7892,1940.800048828125,1945.0,1965.199951171875,1937.199951171875,20714500
1,2021-07-26,7897,1978.0,1965.800048828125,1983.199951171875,1956.0,19701000
1,2021-07-27,7898,1979.800048828125,1974.199951171875,1983.800048828125,1971.199951171875,19424500
1,2021-07-28,7899,1958.0,1960.800048828125,1973.800048828125,1957.0,22825000
1,2021-07-29,7900,1977.5999755859373,1971.199951171875,1986.800048828125,1962.0,21100000
1,2021-07-30,7901,1963.0,1961.0,1979.199951171875,1961.0,26432000
1,2021-08-02,7904,1977.4000244140625,2006.0,2007.0,1972.4000244140625,25838500
1,2021-08-03,7905,2005.0,2011.0,2026.0,1999.4000244140625,17516500
1,2021-08-04,7906,2017.0,1994.0,2029.0,1965.0,43509500
1,2021-08-05,7907,1999.800048828125,1990.800048828125,2006.0,1984.199951171875,20804500
1,2021-08-06,7908,1984.0,1967.5999755859373,1987.4000244140625,1957.5999755859373,32304000
1,2021-08-10,7912,1986.5999755859373,1975.199951171875,1992.199951171875,1972.4000244140625,22127500
1,2021-08-11,7913,1980.0,1994.5999755859373,2004.0,1978.4000244140625,18138500
1,2021-08-12,7914,2003.0,1992.0,2008.0,1986.5999755859373,15295000
1,2021-08-13,7915,1993.199951171875,1993.0,2003.0,1991.0,16832000
1,2021-08-16,7918,1980.0,1962.5999755859373,1980.199951171875,1958.199951171875,25924000
1,2021-08-17,7919,1971.199951171875,1950.5999755859373,1972.4000244140625,1950.5999755859373,20982000
1,2021-08-18,7920,1950.0,1945.0,1957.199951171875,1943.5999755859373,19215500
1,2021-08-19,7921,1936.0,1859.0,1937.800048828125,1854.199951171875,49063500
1,2021-08-20,7922,1846.0,1783.0,1867.5999755859373,1772.800048828125,101544500
1,2021-08-23,7925,1819.4000244140625,1844.4000244140625,1854.5999755859373,1809.5999755859373,48603500
1,2021-08-24,7926,1857.800048828125,1854.4000244140625,1862.800048828125,1847.199951171875,30714000
1,2021-08-25,7927,1874.0,1896.800048828125,1911.800048828125,1873.0,30993000
1,2021-08-26,7928,1910.0,1901.4000244140625,1914.199951171875,1887.0,23644500
1,2021-08-27,7929,1881.800048828125,1892.0,1897.4000244140625,1880.199951171875,18366500
1,2021-08-30,7932,1904.4000244140625,1906.800048828125,1912.5999755859373,1900.4000244140625,23974500
1,2021-08-31,7933,1901.199951171875,1918.4000244140625,1923.800048828125,1891.199951171875,28880000
1,2021-09-01,7934,1940.199951171875,1930.4000244140625,1944.199951171875,1924.199951171875,20667000
1,2021-09-02,7935,1929.0,1930.0,1933.0,1918.4000244140625,16989000
1,2021-09-03,7936,1928.0,1951.199951171875,1960.5999755859373,1927.0,34369000
1,2021-09-06,7939,1974.0,1992.4000244140625,1992.4000244140625,1960.5999755859373,29997000
1,2021-09-07,7940,2001.0,2001.0,2022.0,1994.4000244140625,27051000
1,2021-09-08,7941,1980.0,1995.4000244140625,2006.0,1977.5999755859373,28210000
1,2021-09-09,7942,1982.199951171875,1979.5999755859373,1993.4000244140625,1974.0,25646500
1,2021-09-10,7943,1969.5999755859373,1991.800048828125,1994.5999755859373,1969.0,32121000
1,2021-09-13,7946,1944.4000244140625,1959.0,1959.0,1932.199951171875,43968500
1,2021-09-14,7947,1970.0,1989.199951171875,1989.199951171875,1966.0,30225000
1,2021-09-15,7948,1976.0,1975.199951171875,1981.5999755859373,1971.800048828125,21345500
1,2021-09-16,7949,1981.4000244140625,1988.0,1999.0,1979.199951171875,26673500
1,2021-09-17,7950,1992.800048828125,2004.0,2004.0,1986.4000244140625,38861500
1,2021-09-21,7954,1972.0,1985.800048828125,1992.0,1966.5999755859373,29438500
1,2021-09-22,7955,1978.0,1964.0,1978.0,1961.199951171875,23934000
1,2021-09-24,7957,1997.0,2020.0,2020.0,1994.5999755859373,34908000
1,2021-09-27,7960,2031.0,2066.0,2070.0,2030.0,26810000
1,2021-09-28,7961,2084.0,2077.0,2092.0,2050.0,189085000
1,2021-09-29,7962,2052.0,2073.0,2080.5,2040.5,34887300
1,2021-09-30,7963,2088.0,2000.0,2088.0,2000.0,33149100
1,2021-10-01,7965,1980.0,1967.0,2004.0,1965.5,27672500
1,2021-10-04,7968,1988.5,1932.0,1989.5,1925.5,22442600
1,2021-10-05,7969,1900.0,1902.0,1929.0,1860.0,29108900
1,2021-10-06,7970,1890.0,1840.0,1897.5,1818.0,35192500
1,2021-10-07,7971,1852.0,1869.0,1876.0,1840.5,18340800
1,2021-10-08,7972,1920.0,1923.0,1948.5,1915.5,22700900
1,2021-10-11,7975,1930.0,1987.0,1988.0,1929.0,18449100
1,2021-10-12,7976,1994.0,2002.5,2013.5,1983.5,18513900
1,2021-10-13,7977,2018.0,1976.0,2019.0,1976.0,19436600
1,2021-10-14,7978,1965.0,1985.5,1986.0,1940.5,13517700
1,2021-10-15,7979,1999.0,1993.5,1999.5,1974.5,18602800
1,2021-10-18,7982,2026.0,2040.0,2062.0,2025.0,24313600
1,2021-10-19,7983,2037.5,2030.0,2038.0,2010.0,14539000
1,2021-10-20,7984,2045.5,2031.5,2053.0,2026.0,15372800
1,2021-10-21,7985,2025.0,1983.5,2031.5,1983.5,17327500
1,2021-10-22,7986,1973.0,1983.5,1999.5,1964.5,15610500
1,2021-10-25,7989,1939.0,1946.5,1967.5,1928.0,16310200
1,2021-10-26,7990,1974.0,1980.0,1992.5,1965.0,15149500
1,2021-10-27,7991,1998.5,2004.0,2004.0,1984.0,14028900
1,2021-10-28,7992,1987.5,2000.0,2013.0,1974.0,17683000
1,2021-10-29,7993,1993.5,2006.5,2008.0,1978.0,18052200
1,2021-11-01,7996,2028.0,2050.0,2050.0,2022.0,24547300
1,2021-11-02,7997,2047.5,2048.0,2059.0,2030.5,17669100
1,2021-11-04,7999,2070.0,2063.0,2100.0,2027.5,38783500
1,2021-11-05,8000,2090.0,2035.0,2091.0,2018.5,20210400
1,2021-11-08,8003,2041.5,2028.0,2056.0,2028.0,14062700
1,2021-11-09,8004,2044.5,1995.0,2048.5,1995.0,16797300
1,2021-11-10,8005,2002.5,2005.5,2015.0,1998.5,12819100
1,2021-11-11,8006,2018.0,2030.0,2040.0,2008.0,15549700
1,2021-11-12,8007,2045.0,2078.5,2085.0,2041.0,26162900
1,2021-11-15,8010,2094.0,2102.0,2117.5,2088.5,21902800
1,2021-11-16,8011,2112.0,2141.5,2155.0,2112.0,23534300
1,2021-11-17,8012,2185.0,2128.0,2188.0,2128.0,26692900
1,2021-11-18,8013,2128.0,2124.5,2146.5,2105.0,18309000
1,2021-11-19,8014,2110.0,2132.5,2142.5,2102.0,20093600
1,2021-11-22,8017,2133.0,2105.0,2133.5,2101.0,18371200
1,2021-11-24,8019,2130.0,2124.5,2159.0,2119.0,21946800
1,2021-11-25,8020,2134.0,2112.0,2147.0,2112.0,14283000
1,2021-11-26,8021,2100.0,2074.5,2109.5,2065.0,22432100
1,2021-11-29,8024,2031.0,2012.0,2041.0,2005.0,27978900
1,2021-11-30,8025,2051.5,2001.0,2061.5,1999.0,42639000
1,2021-12-01,8027,2007.5,2045.5,2074.0,2007.0,25290500
1,2021-12-02,8028,2030.0,2045.5,2051.0,2005.0,24357000
1,2021-12-03,8029,2052.5,2079.0,2082.0,2040.5,19023700
1,2021-12-06,8032,2116.5,2066.0,2117.5,2060.5,19515300
1,2021-12-07,8033,2065.0,2105.0,2114.5,2053.0,28638400
1,2021-12-08,8034,2087.0,2068.0,2098.0,2068.0,24065300
1,2021-12-09,8035,2080.5,2056.5,2092.0,2050.5,19139300
1,2021-12-10,8036,2056.5,2052.0,2069.5,2042.5,18235100
1,2021-12-13,8039,2032.0,2002.0,2035.0,2002.0,28905200
1,2021-12-14,8040,2021.0,2045.0,2055.0,2019.0,22353800
1,2021-12-15,8041,2083.0,2118.5,2132.0,2080.5,35698900
1,2021-12-16,8042,2147.0,2139.5,2162.5,2132.5,30403400
1,2021-12-17,8043,2136.0,2102.5,2165.0,2100.0,38176700
1,2021-12-20,8046,2072.5,2051.0,2095.5,2051.0,18811300
1,2021-12-21,8047,2092.0,2070.5,2092.5,2067.0,23334300
1,2021-12-22,8048,2072.5,2056.5,2077.5,2035.5,19962800
1,2021-12-23,8049,2055.0,2096.5,2096.5,2055.0,19290700
1,2021-12-24,8050,2101.0,2096.5,2112.0,2088.0,10236700
1,2021-12-27,8053,2096.0,2108.0,2116.0,2093.0,11932500
1,2021-12-28,8054,2130.0,2133.0,2137.5,2115.5,17152500
1,2021-12-29,8055,2122.0,2110.5,2129.0,2106.5,14440600
1,2021-12-30,8056,2104.0,2105.5,2116.0,2091.0,14009600
1,2022-01-04,8055,2158.0,2234.5,2237.5,2154.5,43072600
1,2022-01-05,8056,2330.0,2292.0,2341.0,2259.0,53536300
1,2022-01-06,8057,2284.5,2284.5,2327.0,2277.0,37579600
1,2022-01-07,8058,2307.0,2307.5,2324.0,2275.0,30903500
1,2022-01-11,8062,2310.0,2322.0,2328.0,2283.0,29710800
1,2022-01-12,8063,2354.5,2359.5,2362.0,2308.5,33915900
1,2022-01-13,8064,2350.0,2412.0,2422.5,2342.0,39518400
1,2022-01-14,8065,2410.0,2390.0,2423.0,2375.0,38594600
1,2022-01-17,8068,2401.0,2423.0,2442.0,2378.5,23591300
1,2022-01-18,8069,2443.0,2423.5,2475.0,2400.5,41189300
1,2022-01-19,8070,2323.5,2303.0,2377.0,2303.0,48185300
1,2022-01-20,8071,2298.0,2342.5,2360.0,2286.0,32283600
1,2022-01-21,8072,2287.5,2284.5,2294.5,2230.5,36518000
1,2022-01-24,8075,2234.5,2278.5,2287.5,2219.0,27763700
1,2022-01-25,8076,2242.5,2236.5,2259.5,2224.0,31059200
1,2022-01-26,8077,2252.5,2221.5,2262.5,2209.0,26042500
1,2022-01-27,8078,2237.0,2163.0,2250.0,2158.5,37600100
1,2022-01-28,8079,2200.0,2237.0,2253.5,2191.5,31409300
1,2022-01-31,8082,2224.5,2245.5,2256.0,2191.5,25588900
1,2022-02-01,8083,2261.0,2227.0,2274.0,2218.0,24070100
1,2022-02-02,8084,2245.0,2273.5,2287.5,2237.0,26879700
1,2022-02-03,8085,2239.0,2293.5,2313.0,2237.0,22026900
1,2022-02-04,8086,2289.0,2277.5,2299.5,2261.5,20162500
1,2022-02-07,8089,2260.0,2275.5,2275.5,2251.0,19062800
1,2022-02-08,8090,2267.0,2296.0,2315.0,2263.0,20722700
1,2022-02-09,8091,2340.0,2317.5,2375.5,2302.0,42075100
1,2022-02-10,8092,2301.0,2254.0,2320.0,2222.0,42419700
1,2022-02-14,8096,2174.0,2182.0,2197.0,2160.0,39268700
1,2022-02-15,8097,2186.5,2153.5,2189.0,2145.0,31404200
1,2022-02-16,8098,2185.0,2192.5,2198.0,2172.5,22686900
1,2022-02-17,8099,2175.5,2160.5,2178.5,2147.5,26975700
1,2022-02-18,8100,2141.5,2184.0,2192.5,2140.0,20267400
1,2022-02-21,8103,2148.0,2173.0,2177.0,2133.0,15200700
1,2022-02-22,8104,2148.0,2123.5,2151.5,2111.0,21140000
1,2022-02-24,8106,2109.0,2091.0,2124.0,2080.5,29577000
1,2022-02-25,8107,2085.0,2104.0,2113.5,2078.5,26344300
1,2022-02-28,8110,2107.0,2138.5,2139.0,2087.0,26767700
1,2022-03-01,8114,2119.5,2133.0,2154.0,2119.0,23177000
1,2022-03-02,8115,2080.0,2038.5,2082.0,2034.0,42180900
1,2022-03-03,8116,2075.0,2047.0,2094.5,2046.0,26276600
1,2022-03-04,8117,2026.5,1974.0,2027.5,1965.0,48833000
1,2022-03-07,8120,1875.0,1845.0,1889.0,1826.0,67968000
1,2022-03-08,8121,1844.0,1811.0,1855.5,1805.0,44177700
1,2022-03-09,8122,1850.0,1845.5,1884.0,1830.5,36677400
1,2022-03-10,8123,1942.0,1945.5,1946.0,1905.0,36656200
1,2022-03-11,8124,1890.0,1860.5,1895.0,1844.0,44804200
1,2022-03-14,8127,1883.0,1914.0,1929.0,1881.5,26346200
1,2022-03-15,8128,1912.5,1955.0,1976.0,1907.0,26940000
1,2022-03-16,8129,1968.0,1991.0,2000.0,1967.5,32882200
1,2022-03-17,8130,2045.0,2036.0,2065.0,2010.0,35580400
1,2022-03-18,8131,2000.5,2020.0,2025.0,1996.0,43985400
1,2022-03-22,8135,2036.0,2055.0,2063.5,2035.5,30788700
1,2022-03-23,8136,2095.0,2137.0,2139.0,2090.5,33324100
1,2022-03-24,8137,2148.0,2200.0,2208.5,2140.5,40085700
1,2022-03-25,8138,2210.0,2189.0,2216.5,2180.0,25328700
1,2022-03-28,8141,2212.0,2202.0,2217.0,2182.5,23368400
1,2022-03-29,8142,2221.5,2261.0,2261.0,2220.5,43733900
1,2022-03-30,8143,2216.0,2218.5,2247.5,2189.0,36673400
1,2022-03-31,8144,2200.5,2222.5,2262.0,2191.0,38235600
1,2022-04-01,8145,2222.5,2205.0,2238.0,2174.5,27719800
1,2022-04-04,8148,2193.0,2211.0,2213.5,2192.0,16276100
1,2022-04-05,8149,2231.0,2217.5,2236.0,2202.5,21878700
1,2022-04-06,8150,2192.0,2190.0,2201.5,2176.0,28164400
1,2022-04-07,8151,2166.0,2168.5,2174.0,2132.0,31288300
1,2022-04-08,8152,2136.0,2095.5,2165.5,2073.5,50893400
1,2022-04-11,8155,2087.0,2101.5,2114.5,2076.0,27797800
1,2022-04-12,8156,2105.0,2069.5,2112.5,2065.5,26536900
1,2022-04-13,8157,2108.5,2119.5,2123.5,2073.0,26016500
1,2022-04-14,8158,2096.0,2131.5,2131.5,2085.5,18466300
1,2022-04-15,8159,2100.0,2160.0,2163.0,2100.0,19517900
1,2022-04-18,8162,2145.5,2155.0,2165.0,2127.5,15320900
1,2022-04-19,8163,2175.0,2177.0,2186.5,2159.0,21166100
1,2022-04-20,8164,2220.0,2258.5,2269.0,2219.0,42430500
1,2022-04-21,8165,2238.0,2250.0,2261.5,2236.5,21538600
1,2022-04-22,8166,2220.0,2210.0,2227.5,2200.0,18873300
1,2022-04-25,8169,2149.5,2190.0,2199.5,2145.0,22515800
1,2022-04-26,8170,2186.0,2180.0,2199.0,2163.5,23096200
1,2022-04-27,8171,2146.0,2165.5,2174.5,2144.0,34299400
1,2022-04-28,8172,2160.5,2235.5,2242.5,2152.5,33413000
1,2022-05-02,8177,2267.0,2228.0,2277.5,2217.5,26634900
1,2022-05-06,8181,2254.0,2276.0,2276.0,2242.5,30141000
1,2022-05-09,8184,2269.0,2245.0,2282.5,2244.5,22370500
1,2022-05-10,8185,2190.0,2178.5,2204.0,2155.0,28054600
1,2022-05-11,8186,2205.5,2082.0,2210.0,2050.5,64821200
1,2022-05-12,8187,2050.0,2050.0,2114.5,2011.5,44104700
1,2022-05-13,8188,2043.0,2055.0,2086.5,2028.5,31138400
1,2022-05-16,8191,2105.0,2049.5,2107.0,2047.0,26352900
1,2022-05-17,8192,2025.5,2033.0,2047.0,2016.5,18350600
1,2022-05-18,8193,2035.0,2044.0,2054.0,2025.5,21893000
1,2022-05-19,8194,1981.0,2005.0,2010.0,1971.0,34715900
1,2022-05-20,8195,2010.0,2048.0,2052.5,2007.5,23675300
1,2022-05-23,8198,2052.5,2061.5,2065.0,2038.0,20585700
1,2022-05-24,8199,2064.5,2050.0,2078.0,2050.0,18717900
1,2022-05-25,8200,2040.0,2043.5,2067.0,2037.0,18929300
1,2022-05-26,8201,2065.0,2082.0,2106.0,2060.5,23739700
1,2022-05-27,8202,2117.0,2084.0,2117.0,2079.0,19511600
1,2022-05-30,8205,2102.0,2126.5,2135.0,2094.0,40586500
1,2022-05-31,8206,2109.0,2122.5,2133.5,2107.5,27505000
1,2022-06-01,8207,2140.0,2197.5,2208.0,2135.5,35206500
1,2022-06-02,8208,2190.0,2193.0,2203.0,2181.0,15657500
1,2022-06-03,8209,2198.0,2165.0,2198.0,2153.0,19812000
1,2022-06-06,8212,2139.0,2163.0,2164.5,2134.0,15252500
1,2022-06-07,8213,2197.0,2190.5,2209.5,2181.5,23853700
1,2022-06-08,8214,2199.0,2230.0,2230.0,2191.0,25246600
1,2022-06-09,8215,2249.0,2239.0,2267.0,2235.5,27281400
1,2022-06-10,8216,2211.0,2203.5,2232.0,2196.0,28515100
1,2022-06-13,8219,2150.0,2131.5,2159.0,2128.0,25274900
1,2022-06-14,8220,2083.0,2095.0,2121.5,2077.5,26804400
1,2022-06-15,8221,2088.0,2080.0,2108.0,2080.0,22726900
1,2022-06-16,8222,2142.0,2140.0,2173.5,2131.0,24439500
1,2022-06-17,8223,2046.0,2063.0,2087.0,2042.0,45125700
1,2022-06-20,8226,2090.0,2089.5,2115.0,2070.5,20577400
1,2022-06-21,8227,2119.5,2138.5,2144.0,2107.0,23768100
1,2022-06-22,8228,2168.0,2156.0,2188.5,2149.0,22961800
1,2022-06-23,8229,2148.0,2126.5,2159.0,2116.0,20869300
1,2022-06-24,8230,2095.0,2111.5,2115.5,2087.5,21561600
1,2022-06-27,8233,2137.0,2121.5,2144.0,2109.0,17615400
1,2022-06-28,8234,2138.5,2167.5,2167.5,2133.5,26045200
1,2022-06-29,8235,2165.0,2128.0,2168.0,2125.5,36393000
1,2022-06-30,8236,2128.5,2100.0,2131.5,2093.5,30076600
1,2022-07-01,8238,2095.0,2067.0,2104.0,2056.0,30994400
1,2022-07-04,8241,2094.0,2113.0,2113.0,2087.5,21443400
1,2022-07-05,8242,2128.0,2116.5,2136.0,2112.0,20328900
1,2022-07-06,8243,2089.0,2058.0,2098.0,2043.5,32025100
1,2022-07-07,8244,2086.5,2105.0,2108.0,2065.0,27506300
1,2022-07-08,8245,2120.5,2111.0,2147.0,2108.0,35446600
1,2022-07-11,8248,2140.0,2152.0,2158.5,2134.0,28062000
1,2022-07-12,8249,2152.0,2116.5,2153.0,2110.5,24129000
1,2022-07-13,8250,2124.0,2134.5,2145.5,2123.5,16445800
1,2022-07-14,8251,2101.5,2135.0,2144.0,2098.5,18559500
1,2022-07-15,8252,2133.5,2163.0,2163.5,2127.0,28589600
1,2022-07-19,8256,2170.0,2177.0,2179.0,2163.0,21538900
1,2022-07-20,8257,2200.0,2194.0,2204.5,2180.0,27281400
1,2022-07-21,8258,2191.0,2193.5,2206.0,2175.0,24208700
1,2022-07-22,8259,2199.5,2202.5,2204.5,2190.0,20867700
1,2022-07-25,8262,2177.0,2166.0,2198.5,2163.0,16534400
1,2022-07-26,8263,2177.5,2166.0,2182.5,2160.0,12369100
1,2022-07-27,8264,2154.0,2169.0,2174.0,2142.0,15783800
1,2022-07-28,8265,2165.0,2125.0,2174.5,2124.0,27939100
1,2022-07-29,8266,2155.0,2137.0,2163.0,2127.0,24818400
1,2022-08-01,8269,2152.0,2212.0,2216.5,2150.5,32568100
1,2022-08-02,8270,2178.0,2154.5,2198.0,2152.0,18343800
1,2022-08-03,8271,2149.0,2156.0,2162.5,2142.5,16651900
1,2022-08-04,8272,2184.0,2091.5,2187.5,2071.5,50239900
1,2022-08-05,8273,2080.0,2123.0,2130.0,2074.0,27813600
1,2022-08-08,8276,2100.0,2116.0,2116.0,2082.5,22816600
1,2022-08-09,8277,2106.5,2076.0,2113.0,2069.0,25062000
1,2022-08-10,8278,2081.5,2088.0,2099.0,2077.5,15038200
1,2022-08-12,8280,2110.0,2135.0,2135.0,2099.5,31314700
1,2022-08-15,8283,2124.5,2132.5,2134.0,2119.0,12869100
1,2022-08-16,8284,2129.5,2121.0,2130.0,2105.5,12497100
1,2022-08-17,8285,2136.0,2183.0,2183.0,2135.5,31472900
1,2022-08-18,8286,2156.5,2143.5,2159.5,2137.5,18478000
1,2022-08-19,8287,2148.5,2150.0,2157.5,2144.5,13295300
1,2022-08-22,8290,2130.5,2150.0,2151.5,2126.0,15320100
1,2022-08-23,8291,2122.0,2107.5,2127.5,2098.0,25655800
1,2022-08-24,8292,2093.0,2100.0,2115.5,2092.5,18087200
1,2022-08-25,8293,2096.0,2109.0,2112.0,2096.0,10713100
1,2022-08-26,8294,2114.5,2108.0,2121.0,2106.0,12989800
1,2022-08-29,8297,2060.0,2090.0,2093.5,2059.0,20923300
1,2022-08-30,8298,2100.0,2105.0,2113.5,2094.5,16897300
1,2022-08-31,8299,2090.0,2101.5,2106.5,2088.0,22276200
1,2022-09-01,8300,2073.0,2052.5,2075.0,2045.0,36248100
1,2022-09-02,8301,2050.0,2049.0,2056.0,2040.5,22090800
1,2022-09-05,8304,2041.0,2037.0,2045.0,2027.0,17282500
1,2022-09-06,8305,2037.5,2048.5,2054.0,2028.5,13434900
1,2022-09-07,8306,2043.0,2034.5,2046.5,2020.0,20916100
1,2022-09-08,8307,2042.5,2080.5,2080.5,2042.5,26507900
1,2022-09-09,8308,2070.0,2078.5,2089.5,2069.0,26218700
1,2022-09-12,8311,2086.0,2070.0,2087.0,2065.0,15232900
1,2022-09-13,8312,2061.0,2067.0,2071.5,2042.0,18368100
1,2022-09-14,8313,2040.0,2038.0,2053.5,2030.0,26178500
1,2022-09-15,8314,2038.0,2040.0,2046.5,2034.0,15098100
1,2022-09-16,8315,2020.0,2030.5,2040.0,2019.5,28115400
1,2022-09-20,8319,2043.0,2048.5,2069.0,2037.0,21038800
1,2022-09-21,8320,2020.0,2000.0,2021.0,2000.0,31783100
1,2022-09-22,8321,1990.0,2028.0,2028.0,1989.0,26440900
1,2022-09-26,8325,1981.0,1963.0,1989.0,1963.0,35307900
1,2022-09-27,8326,1982.5,1986.0,2004.0,1975.0,23245500
1,2022-09-28,8327,1973.5,1953.5,1975.0,1928.0,32375000
1,2022-09-29,8328,1955.5,1958.5,1969.5,1935.5,29667900
1,2022-09-30,8329,1927.5,1876.0,1935.0,1871.0,41993800
1,2022-10-03,8333,1880.0,1941.5,1947.5,1878.5,32688200
1,2022-10-04,8334,1981.5,2004.0,2004.0,1970.5,39192400
1,2022-10-05,8335,2024.0,2001.0,2025.5,1990.0,25516900
1,2022-10-06,8336,2000.0,2000.0,2012.0,1996.5,26603000
1,2022-10-07,8337,1966.5,1985.5,2001.5,1963.5,27846100
1,2022-10-11,8341,1978.0,1966.5,1987.0,1959.0,25261700
1,2022-10-12,8342,1968.0,1990.0,1999.5,1964.0,25409100
1,2022-10-13,8343,1990.5,1983.5,2001.5,1980.0,23730300
1,2022-10-14,8344,2005.0,2008.0,2020.0,1988.5,31734600
1,2022-10-17,8347,1990.0,2000.0,2001.5,1987.0,22166100
1,2022-10-18,8348,2029.0,2007.5,2029.5,1994.0,21403400
1,2022-10-19,8349,2009.5,2003.5,2019.0,2003.5,15797500
1,2022-10-20,8350,1999.0,2004.0,2008.0,1997.5,21090700
1,2022-10-21,8351,2000.0,1987.5,2002.0,1978.5,24809100
1,2022-10-24,8354,2005.0,1996.5,2013.5,1992.0,20173100
1,2022-10-25,8355,2003.5,2016.0,2020.5,1999.5,18457200
1,2022-10-26,8356,2018.0,2020.0,2031.5,2017.0,16753300
1,2022-10-27,8357,2016.0,1999.0,2021.0,1992.0,23218700
1,2022-10-28,8358,2007.0,2030.0,2041.0,2004.5,90671700
1,2022-10-31,8361,2046.0,2059.5,2059.5,2039.5,22869200
1,2022-11-01,8362,2054.0,2019.5,2072.0,2006.5,38181300
1,2022-11-02,8363,1998.0,2014.5,2017.0,1992.5,24179300
1,2022-11-04,8365,1999.0,1985.0,2002.5,1974.0,32176900
1,2022-11-07,8368,2000.0,1993.0,2003.0,1988.0,18017000
1,2022-11-08,8369,1990.5,2003.0,2008.5,1987.0,18424300
1,2022-11-09,8370,1991.5,1988.5,2001.5,1984.5,19748500
1,2022-11-10,8371,1961.5,1958.5,1968.0,1954.0,23246900
1,2022-11-11,8372,1992.5,2001.0,2004.5,1989.0,30008700
1,2022-11-14,8375,1998.5,1986.0,2003.5,1985.5,21130800
1,2022-11-15,8376,1985.0,1998.0,2003.0,1984.5,17879100
1,2022-11-16,8377,2000.0,1996.0,2001.0,1981.5,22615800
1,2022-11-17,8378,1994.0,1993.5,2007.5,1992.5,14840200
1,2022-11-18,8379,2005.0,1993.0,2012.0,1991.5,15711600
1,2022-11-21,8382,1999.0,2003.0,2006.0,1993.5,14421500
1,2022-11-22,8383,2020.0,2050.0,2059.5,2020.0,32248300
1,2022-11-24,8385,2060.0,2046.5,2060.5,2041.5,21006500
1,2022-11-25,8386,2050.0,2054.5,2057.5,2044.0,11659400
1,2022-11-28,8389,2064.0,2033.0,2070.0,2030.5,13933100
1,2022-11-29,8390,2021.5,2005.5,2033.0,2005.5,22107200
1,2022-11-30,8391,2010.0,2010.5,2020.0,1997.5,29110200
1,2022-12-01,8393,2024.0,1998.5,2025.0,1998.5,22681700
1,2022-12-02,8394,1988.0,1971.0,1988.0,1951.5,29660900
1,2022-12-05,8397,1977.0,1951.0,1977.0,1945.0,21789000
1,2022-12-06,8398,1945.0,1943.5,1952.0,1928.0,28364200
1,2022-12-07,8399,1936.0,1949.5,1959.5,1932.0,21057000
1,2022-12-08,8400,1936.5,1938.5,1944.0,1924.0,27286300
1,2022-12-09,8401,1953.0,1954.0,1965.0,1951.5,23880900
1,2022-12-12,8404,1953.5,1963.0,1973.0,1951.5,16003300
1,2022-12-13,8405,1984.0,1968.5,1989.0,1966.5,15591800
1,2022-12-14,8406,1958.5,1978.0,1981.0,1952.5,14946400
1,2022-12-15,8407,1975.0,1978.5,1984.5,1971.0,11987000
1,2022-12-16,8408,1940.5,1941.0,1959.5,1935.5,26790400
1,2022-12-19,8411,1920.0,1910.0,1931.0,1910.0,21852800
1,2022-12-20,8412,1905.0,1845.0,1909.5,1840.5,54192000
1,2022-12-21,8413,1837.0,1808.0,1840.5,1791.0,49302700
1,2022-12-22,8414,1830.0,1841.0,1854.0,1829.0,28230900
1,2022-12-23,8415,1808.5,1818.0,1821.0,1805.0,19066400
1,2022-12-26,8418,1821.0,1823.0,1839.5,1821.0,11812100
1,2022-12-27,8419,1840.0,1817.5,1844.5,1813.5,16716500
1,2022-12-28,8420,1811.5,1819.0,1819.0,1807.0,17027000
1,2022-12-29,8421,1809.0,1817.0,1817.0,1800.5,17662900
1,2022-12-30,8422,1817.0,1812.5,1832.0,1811.5,21250600
1,2023-01-04,8421,1798.0,1799.0,1804.0,1787.5,25995600
1,2023-01-05,8422,1812.0,1807.5,1819.5,1793.5,24700200
1,2023-01-06,8423,1809.5,1825.0,1829.0,1806.0,22568600
1,2023-01-10,8427,1837.5,1827.0,1850.0,1821.5,22352300
1,2023-01-11,8428,1824.0,1837.5,1840.0,1822.0,19798400
1,2023-01-12,8429,1839.0,1857.5,1868.0,1838.0,21573200
1,2023-01-13,8430,1828.5,1815.5,1838.5,1811.0,27779100
1,2023-01-16,8433,1800.0,1817.5,1821.0,1794.0,20486400
1,2023-01-17,8434,1826.0,1863.0,1870.5,1825.5,27345800
1,2023-01-18,8435,1861.0,1909.5,1916.0,1846.0,31290700
1,2023-01-19,8436,1850.0,1864.5,1871.0,1847.0,21969700
1,2023-01-20,8437,1851.0,1883.0,1883.0,1851.0,16703500
1,2023-01-23,8440,1900.0,1889.0,1904.0,1883.5,14661600
1,2023-01-24,8441,1913.0,1911.5,1913.0,1899.5,16261100
1,2023-01-25,8442,1900.0,1905.0,1909.0,1898.5,18486100
1,2023-01-26,8443,1899.0,1893.0,1907.5,1889.0,22613200
1,2023-01-27,8444,1902.5,1900.5,1902.5,1886.0,21336000
1,2023-01-30,8447,1900.5,1902.0,1910.0,1896.5,17617700
1,2023-01-31,8448,1910.0,1896.5,1913.5,1895.0,18849600
1,2023-02-01,8449,1911.0,1903.0,1919.0,1902.5,19250900
1,2023-02-02,8450,1908.0,1880.5,1909.5,1875.5,19168200
1,2023-02-03,8451,1887.0,1891.5,1895.5,1882.5,16015500
1,2023-02-06,8454,1909.0,1913.5,1934.5,1908.0,30031400
1,2023-02-07,8455,1920.0,1897.0,1923.5,1896.5,20138300
1,2023-02-08,8456,1902.0,1897.5,1904.5,1895.5,13623900
1,2023-02-09,8457,1900.0,1901.0,1923.0,1883.0,34568700
1,2023-02-10,8458,1885.5,1879.0,1891.0,1869.0,34846600
1,2023-02-13,8461,1870.0,1876.5,1880.0,1857.0,21137100
1,2023-02-14,8462,1894.5,1882.5,1896.5,1878.5,18133700
1,2023-02-15,8463,1890.0,1874.0,1893.0,1868.5,21936500
1,2023-02-16,8464,1888.5,1913.0,1915.0,1884.5,29791200
1,2023-02-17,8465,1893.0,1907.5,1910.5,1891.0,21230800
1,2023-02-20,8468,1916.0,1902.5,1917.0,1900.0,12704000
1,2023-02-21,8469,1900.0,1890.0,1901.5,1889.5,16937100
1,2023-02-22,8470,1878.0,1865.0,1879.0,1852.0,29022300
1,2023-02-24,8472,1856.0,1858.0,1865.5,1854.0,19154000
1,2023-02-27,8475,1857.0,1857.0,1861.5,1850.0,16540600
1,2023-02-28,8476,1857.5,1862.5,1869.0,1855.5,19162000
1,2023-03-01,8480,1866.0,1863.5,1870.5,1858.5,18027000
1,2023-03-02,8481,1860.0,1863.5,1881.5,1860.0,20227600
1,2023-03-03,8482,1866.0,1884.5,1886.0,1861.0,27371700
1,2023-03-06,8485,1893.0,1905.5,1915.0,1890.0,28716300
1,2023-03-07,8486,1900.0,1914.5,1914.5,1893.0,20837300
1,2023-03-08,8487,1904.0,1907.5,1915.5,1903.0,18703000
1,2023-03-09,8488,1917.5,1919.5,1931.5,1915.0,23844600
1,2023-03-10,8489,1898.0,1896.0,1910.5,1887.5,33371500
1,2023-03-13,8492,1877.0,1864.0,1881.0,1853.5,24327500
1,2023-03-14,8493,1807.5,1809.0,1810.0,1781.5,45615100
1,2023-03-15,8494,1825.0,1812.0,1832.5,1804.0,23906800
1,2023-03-16,8495,1770.0,1790.0,1793.0,1765.0,30331500
1,2023-03-17,8496,1790.0,1786.0,1798.0,1776.0,36599800
1,2023-03-20,8499,1767.0,1767.0,1778.0,1764.0,25693500
1,2023-03-22,8501,1803.0,1801.0,1804.5,1787.0,24870000
1,2023-03-23,8502,1782.5,1787.0,1793.0,1778.0,19861700
1,2023-03-24,8503,1778.0,1784.0,1787.0,1772.0,16224800
1,2023-03-27,8506,1795.0,1790.0,1796.5,1781.0,16892900
1,2023-03-28,8507,1806.0,1805.5,1813.0,1796.5,21034500
1,2023-03-29,8508,1812.5,1852.0,1852.0,1810.0,36692000
1,2023-03-30,8509,1835.5,1842.0,1850.0,1828.5,24709600
1,2023-03-31,8510,1863.0,1880.0,1897.0,1855.5,37152100
1,2023-04-03,8513,1897.5,1897.0,1897.5,1875.5,25267000
1,2023-04-04,8514,1887.5,1899.0,1899.0,1877.0,21339500
1,2023-04-05,8515,1876.5,1852.5,1881.0,1850.5,25396900
1,2023-04-06,8516,1841.0,1826.5,1844.0,1822.0,24567200
1,2023-04-07,8517,1833.5,1819.5,1837.0,1819.5,14815100
1,2023-04-10,8520,1829.5,1827.5,1833.5,1820.5,15091200
1,2023-04-11,8521,1839.5,1826.0,1842.0,1823.0,26170100
1,2023-04-12,8522,1834.5,1823.5,1835.5,1816.0,25890400
1,2023-04-13,8523,1811.0,1812.5,1814.0,1799.0,19854200
1,2023-04-14,8524,1828.0,1808.0,1829.0,1806.0,27911300
1,2023-04-17,8527,1823.0,1834.0,1841.5,1822.5,18967700
1,2023-04-18,8528,1844.0,1833.5,1846.0,1827.5,23312400
1,2023-04-19,8529,1833.0,1823.0,1836.0,1816.5,16859000
1,2023-04-20,8530,1810.0,1813.5,1818.0,1796.0,21975500
1,2023-04-21,8531,1790.0,1802.0,1808.5,1784.0,21559900
1,2023-04-24,8534,1815.0,1798.0,1817.0,1798.0,14674600
1,2023-04-25,8535,1803.0,1800.0,1807.0,1795.0,20492700
1,2023-04-26,8536,1793.5,1803.5,1807.5,1791.0,17228200
1,2023-04-27,8537,1804.5,1825.0,1826.5,1799.0,21175700
1,2023-04-28,8538,1839.0,1857.0,1857.0,1833.5,29984600
1,2023-05-01,8542,1870.5,1874.0,1879.5,1865.0,18668200
1,2023-05-02,8543,1877.0,1864.5,1877.5,1853.0,17441500
1,2023-05-08,8549,1860.0,1856.0,1861.5,1848.0,17294400
1,2023-05-09,8550,1861.0,1916.5,1920.0,1855.0,39880100
1,2023-05-10,8551,1920.0,1931.5,1963.5,1894.0,55815000
1,2023-05-11,8552,1950.0,1916.0,1959.0,1902.0,34669900
1,2023-05-12,8553,1945.5,1942.0,1949.0,1913.5,28097200
1,2023-05-15,8556,1939.5,1933.0,1942.0,1926.0,16791400
1,2023-05-16,8557,1933.0,1923.5,1939.5,1919.0,18728200
1,2023-05-17,8558,1925.0,1928.0,1935.5,1921.0,16295600
1,2023-05-18,8559,1945.0,1955.5,1958.0,1942.0,28317600
1,2023-05-19,8560,1963.5,1959.5,1973.5,1950.5,23600700
1,2023-05-22,8563,1945.0,1950.0,1950.0,1934.5,25566800
1,2023-05-23,8564,1970.0,1857.0,1979.0,1857.0,39793700
1,2023-05-24,8565,1949.5,1956.5,1959.5,1924.0,35899300
1,2023-05-25,8566,1953.5,1938.5,1960.0,1937.0,26877800
1,2023-05-26,8567,1940.5,1937.0,1956.0,1931.0,20230300
1,2023-05-29,8570,1959.0,1928.5,1960.0,1922.0,28467700
1,2023-05-30,8571,1921.0,1940.0,1944.0,1910.5,18882600
1,2023-05-31,8572,1929.5,1908.5,1934.5,1892.5,53396000
1,2023-06-01,8573,1946.0,1943.0,1973.0,1935.5,36193300
1,2023-06-02,8574,1960.5,2009.5,2010.0,1959.0,46785900
1,2023-06-05,8577,2050.0,2028.5,2058.5,2021.0,33729200
1,2023-06-06,8578,2025.0,2050.0,2050.0,2011.5,22611500
1,2023-06-07,8579,2058.0,2022.0,2078.5,2021.0,41062900
1,2023-06-08,8580,2038.5,2024.0,2052.0,2017.5,28562300
1,2023-06-09,8581,2055.0,2051.5,2057.5,2030.0,37276500
1,2023-06-12,8584,2065.5,2069.0,2073.5,2054.5,19714600
1,2023-06-13,8585,2100.0,2173.5,2183.0,2099.5,70125200
1,2023-06-14,8586,2260.0,2310.0,2350.0,2235.0,99612100
1,2023-06-15,8587,2346.0,2320.5,2358.0,2303.5,57885900
1,2023-06-16,8588,2350.0,2316.0,2350.0,2275.0,59050900
1,2023-06-19,8591,2320.5,2253.0,2323.0,2240.0,41460800
1,2023-06-20,8592,2250.0,2244.0,2263.0,2222.0,36130900
1,2023-06-21,8593,2222.0,2218.5,2228.5,2205.5,38394900
1,2023-06-22,8594,2246.0,2240.5,2258.0,2231.5,29584300
1,2023-06-23,8595,2252.0,2199.5,2255.0,2171.5,30642900
1,2023-06-26,8598,2204.0,2221.0,2227.0,2191.0,22817900
1,2023-06-27,8599,2248.0,2237.0,2257.5,2221.0,26165400
1,2023-06-28,8600,2276.0,2300.0,2300.0,2271.5,35651600
1,2023-06-29,8601,2302.0,2295.5,2311.0,2278.5,27070800
1,2023-06-30,8602,2320.0,2308.5,2323.5,2285.5,37428700
1,2023-07-03,8606,2308.0,2325.5,2329.5,2303.5,25421400
1,2023-07-04,8607,2332.5,2338.0,2344.5,2324.5,26554700
1,2023-07-05,8608,2336.0,2341.0,2341.5,2322.5,20643100
1,2023-07-06,8609,2350.0,2327.0,2358.0,2317.0,28608700
1,2023-07-07,8610,2323.5,2299.5,2324.0,2292.0,26236300
1,2023-07-10,8613,2270.0,2260.0,2290.0,2255.0,28824200
1,2023-07-11,8614,2256.0,2211.0,2258.5,2204.0,29078400
1,2023-07-12,8615,2210.0,2198.0,2231.0,2189.0,20500400
1,2023-07-13,8616,2192.5,2211.5,2224.0,2180.0,19826600
1,2023-07-14,8617,2219.5,2218.0,2231.0,2197.0,21578800
1,2023-07-18,8621,2214.0,2240.0,2247.5,2212.0,18107200
1,2023-07-19,8622,2266.5,2291.0,2291.0,2265.0,22597800
1,2023-07-20,8623,2291.5,2287.0,2311.0,2275.0,21073000
1,2023-07-21,8624,2289.0,2287.5,2301.0,2277.0,20284200
1,2023-07-24,8627,2317.0,2324.0,2333.0,2307.5,23557600
1,2023-07-25,8628,2316.5,2344.5,2344.5,2311.5,23265300
1,2023-07-26,8629,2318.0,2322.0,2326.0,2305.5,19436200
1,2023-07-27,8630,2315.0,2320.5,2329.0,2303.5,18487400
1,2023-07-28,8631,2288.5,2310.0,2327.0,2263.5,37405600
1,2023-07-31,8634,2350.0,2386.0,2386.0,2348.5,44133500
1,2023-08-01,8635,2398.0,2445.5,2464.0,2387.0,68906000
1,2023-08-02,8636,2438.5,2502.5,2549.0,2418.5,78801100
1,2023-08-03,8637,2476.0,2407.5,2477.0,2401.0,44187800
1,2023-08-04,8638,2407.0,2437.5,2456.5,2401.5,30038200
1,2023-08-07,8641,2431.5,2444.0,2457.0,2424.0,19853700
1,2023-08-08,8642,2463.5,2423.5,2476.0,2420.5,22190700
1,2023-08-09,8643,2423.0,2395.5,2427.0,2384.0,19106300
1,2023-08-10,8644,2406.5,2429.0,2432.5,2395.0,19458600
1,2023-08-14,8648,2439.5,2408.0,2459.5,2403.0,17152200
1,2023-08-15,8649,2433.0,2419.0,2438.0,2414.5,12578800
1,2023-08-16,8650,2400.0,2370.5,2412.5,2368.0,22466200
1,2023-08-17,8651,2360.5,2377.0,2379.0,2332.5,18693200
1,2023-08-18,8652,2348.5,2349.0,2368.0,2334.5,20054000
1,2023-08-21,8655,2349.5,2356.5,2376.0,2348.0,14606100
1,2023-08-22,8656,2386.0,2416.5,2420.0,2383.0,18256500
1,2023-08-23,8657,2393.0,2410.5,2411.0,2389.5,15164600
1,2023-08-24,8658,2411.5,2400.0,2412.5,2394.0,16406900
1,2023-08-25,8659,2380.0,2395.0,2402.0,2377.0,15384300
1,2023-08-28,8662,2421.5,2436.5,2447.0,2420.0,18256100
1,2023-08-29,8663,2446.5,2431.5,2451.0,2416.5,17541400
1,2023-08-30,8664,2449.5,2456.5,2463.5,2440.0,19036300
1,2023-08-31,8665,2465.0,2515.0,2524.0,2463.0,39487900
1,2023-09-01,8666,2485.0,2519.5,2525.0,2483.0,23445600
1,2023-09-04,8669,2540.0,2597.5,2599.5,2539.0,33250800
1,2023-09-05,8670,2600.0,2589.0,2609.5,2564.0,28061100
1,2023-09-06,8671,2607.0,2651.0,2664.0,2605.5,31630100
1,2023-09-07,8672,2657.0,2637.0,2671.5,2633.0,26184700
1,2023-09-08,8673,2611.0,2603.0,2645.5,2598.0,30458600
1,2023-09-11,8676,2610.5,2595.0,2618.0,2586.0,16439600
1,2023-09-12,8677,2624.0,2657.0,2660.0,2619.0,21560000
1,2023-09-13,8678,2657.0,2707.5,2715.0,2651.0,29244700
1,2023-09-14,8679,2715.5,2748.0,2757.0,2694.0,31358600
1,2023-09-15,8680,2788.0,2821.5,2842.0,2780.5,49241800
1,2023-09-19,8684,2806.5,2880.0,2885.5,2798.0,40156000
1,2023-09-20,8685,2900.0,2799.0,2911.5,2797.0,42976800
1,2023-09-21,8686,2799.0,2785.5,2835.0,2775.0,25747000
1,2023-09-22,8687,2749.5,2788.5,2811.0,2735.0,28714900
1,2023-09-25,8690,2785.0,2761.5,2789.0,2740.5,21522300
1,2023-09-26,8691,2765.0,2716.5,2766.5,2707.5,26603400
1,2023-09-27,8692,2700.0,2748.0,2751.5,2677.0,31403100
1,2023-09-28,8693,2720.0,2706.0,2746.5,2678.0,32137100
1,2023-09-29,8694,2718.0,2677.5,2727.5,2675.5,33276200
1,2023-10-02,8698,2700.5,2687.0,2746.5,2683.5,28738800
1,2023-10-03,8699,2680.0,2605.0,2687.0,2593.0,31775900
1,2023-10-04,8700,2555.0,2477.5,2563.0,2471.0,46063800
1,2023-10-05,8701,2528.0,2590.0,2590.0,2505.5,41463500
1,2023-10-06,8702,2564.5,2572.0,2604.0,2536.0,28521800
1,2023-10-10,8706,2600.0,2624.5,2640.5,2595.0,27455800
1,2023-10-11,8707,2650.0,2651.0,2681.0,2640.0,23177900
1,2023-10-12,8708,2678.0,2740.0,2740.0,2673.0,32321600
1,2023-10-13,8709,2708.0,2687.5,2726.0,2677.0,24757200
1,2023-10-16,8712,2650.0,2660.0,2665.0,2630.5,19258100
1,2023-10-17,8713,2705.0,2681.0,2719.0,2653.0,22766500
1,2023-10-18,8714,2675.0,2669.0,2697.0,2661.0,18891100
1,2023-10-19,8715,2625.0,2645.0,2667.0,2623.0,18842300
1,2023-10-20,8716,2600.5,2617.0,2642.0,2575.0,23366400
1,2023-10-23,8719,2600.0,2610.0,2631.0,2585.5,17852100
1,2023-10-24,8720,2645.0,2597.5,2648.5,2544.0,26740000
1,2023-10-25,8721,2631.0,2640.0,2664.0,2613.5,18828500
1,2023-10-26,8722,2617.5,2594.5,2628.0,2571.0,22969100
1,2023-10-27,8723,2595.0,2638.5,2644.0,2594.5,20775500
1,2023-10-30,8726,2593.0,2574.0,2595.0,2560.5,28552500
1,2023-10-31,8727,2590.0,2590.0,2593.0,2526.0,32184100
1,2023-11-01,8728,2703.5,2712.0,2752.0,2678.5,66935200
1,2023-11-02,8729,2812.0,2760.0,2846.5,2746.5,62211400
1,2023-11-06,8733,2840.0,2846.0,2866.5,2823.5,48988800
1,2023-11-07,8734,2850.0,2832.0,2854.0,2818.5,27050700
1,2023-11-08,8735,2861.5,2757.0,2879.5,2757.0,32626900
1,2023-11-09,8736,2795.0,2817.5,2819.0,2752.0,23116200
1,2023-11-10,8737,2770.5,2803.0,2815.0,2770.0,23638200
1,2023-11-13,8740,2833.0,2817.0,2845.5,2807.5,19390400
1,2023-11-14,8741,2845.0,2843.5,2866.5,2837.5,25175900
1,2023-11-15,8742,2880.5,2860.0,2898.5,2860.0,29788400
1,2023-11-16,8743,2860.0,2879.0,2897.5,2858.0,21411300
1,2023-11-17,8744,2840.0,2892.5,2892.5,2834.0,24794700
1,2023-11-20,8747,2892.5,2780.0,2900.0,2768.5,46342000
1,2023-11-21,8748,2785.0,2735.0,2793.0,2720.5,36142900
1,2023-11-22,8749,2728.0,2728.5,2781.0,2711.0,31006900
1,2023-11-24,8751,2785.0,2803.0,2814.0,2774.0,29415500
1,2023-11-27,8754,2800.0,2770.0,2803.0,2762.0,22122900
1,2023-11-28,8755,2770.0,2755.0,2779.5,2736.0,22163500
1,2023-11-29,8756,2770.0,2802.5,2809.5,2744.0,36001000
1,2023-11-30,8757,2810.0,2794.5,2820.0,2786.5,49146600
1,2023-12-01,8759,2819.0,2833.0,2842.0,2803.0,26774000
1,2023-12-04,8762,2802.0,2767.5,2802.5,2744.5,30495700
1,2023-12-05,8763,2770.0,2753.5,2784.5,2743.5,24512600
1,2023-12-06,8764,2770.5,2827.0,2829.5,2758.0,27896600
1,2023-12-07,8765,2800.0,2794.5,2812.0,2776.0,26610300
1,2023-12-08,8766,2711.0,2680.5,2721.0,2657.0,55312000
1,2023-12-11,8769,2701.0,2705.5,2716.0,2690.5,31081400
1,2023-12-12,8770,2727.0,2681.5,2735.5,2681.5,25316700
1,2023-12-13,8771,2672.5,2673.5,2682.0,2644.5,20383300
1,2023-12-14,8772,2605.5,2571.5,2623.5,2552.0,43459500
1,2023-12-15,8773,2617.0,2600.5,2624.0,2592.0,32057100
1,2023-12-18,8776,2590.5,2619.5,2619.5,2571.5,21229700
1,2023-12-19,8777,2620.0,2640.5,2657.5,2590.5,24989000
1,2023-12-20,8778,2666.0,2644.0,2692.0,2634.0,34125400
1,2023-12-21,8779,2520.0,2537.5,2576.5,2495.0,47672400
1,2023-12-22,8780,2520.0,2516.0,2549.5,2499.0,38330200
1,2023-12-25,8783,2525.0,2537.0,2553.0,2514.5,19273800
1,2023-12-26,8784,2543.0,2541.0,2544.5,2520.5,17223900
1,2023-12-27,8785,2557.5,2583.0,2583.5,2547.0,26896000
1,2023-12-28,8786,2555.0,2556.0,2573.0,2539.0,17822300
1,2023-12-29,8787,2572.0,2590.5,2615.5,2569.0,26860500
1,2024-01-04,8787,2605.0,2635.0,2635.0,2572.0,29812900
1,2024-01-05,8788,2643.5,2701.5,2708.0,2643.5,30515500
1,2024-01-09,8792,2715.0,2694.0,2716.0,2662.5,30486100
1,2024-01-10,8793,2684.0,2745.0,2752.0,2679.5,33701200
1,2024-01-11,8794,2827.0,2844.0,2867.5,2827.0,49003100
1,2024-01-12,8795,2880.0,2837.0,2883.0,2820.5,34169200
1,2024-01-15,8798,2854.0,2849.5,2855.0,2830.0,4866000
1,2024-01-16,8799,2854.0,2854.5,2869.5,2830.0,23810700
1,2024-01-17,8800,2880.0,2856.5,2920.0,2846.5,42925400
1,2024-01-18,8801,2880.0,2931.5,2964.0,2873.0,45748100
1,2024-01-19,8802,2985.0,2962.0,2985.0,2937.0,38896900
1,2024-01-22,8805,2965.0,2982.0,2987.5,2956.5,27665300
1,2024-01-23,8806,2997.0,2991.0,3034.0,2971.0,40894100
1,2024-01-24,8807,3000.0,2959.5,3018.0,2952.0,28933300
1,2024-01-25,8808,2964.0,2964.0,2964.0,2964.0,28781400
1,2024-01-26,8809,2950.0,2892.5,2950.0,2888.5,33005600
1,2024-01-29,8812,2929.0,2983.5,2994.0,2928.0,39361500
1,2024-01-30,8813,2950.0,2959.5,2983.5,2931.0,30914300
1,2024-01-31,8814,2940.0,3000.0,3000.0,2939.0,28387200
1,2024-02-01,8815,2940.5,2945.0,2960.0,2931.0,29852200
1,2024-02-02,8816,2963.5,2951.5,2966.0,2938.0,24939800
1,2024-02-05,8819,2995.5,2992.0,3007.0,2959.0,29891100
1,2024-02-06,8820,2999.5,3135.0,3148.0,2951.5,80031600
1,2024-02-07,8821,3195.0,3260.0,3364.0,3190.0,90841000
1,2024-02-08,8822,3330.0,3350.0,3409.0,3283.0,65539300
1,2024-02-09,8823,3360.0,3323.0,3370.0,3296.0,38909900
1,2024-02-13,8827,3366.0,3456.0,3459.0,3350.0,50279000
1,2024-02-14,8828,3453.0,3385.0,3464.0,3361.0,40613000
1,2024-02-15,8829,3415.0,3382.0,3416.0,3351.0,31611400
1,2024-02-16,8830,3440.0,3414.0,3453.0,3396.0,39276000
1,2024-02-19,8833,3414.0,3430.0,3449.0,3401.0,18623200
1,2024-02-20,8834,3450.0,3414.0,3473.0,3369.0,32113800
1,2024-02-21,8835,3400.0,3429.0,3436.0,3396.0,27204700
1,2024-02-22,8836,3450.0,3521.0,3530.0,3444.0,45277100
1,2024-02-26,8840,3550.0,3565.0,3607.0,3522.0,36879000
1,2024-02-27,8841,3600.0,3582.0,3603.0,3566.0,26141000
1,2024-02-28,8842,3588.0,3570.0,3599.0,3541.0,21824800
1,2024-02-29,8843,3560.0,3621.0,3629.0,3540.0,42143900
1,2024-03-01,8846,3595.0,3680.0,3689.0,3586.0,29522200
1,2024-03-04,8849,3694.0,3662.0,3704.0,3636.0,33112100
1,2024-03-05,8850,3665.0,3729.0,3742.0,3641.0,31082800
1,2024-03-06,8851,3729.0,3769.0,3772.0,3690.0,31920900
1,2024-03-07,8852,3799.0,3660.0,3811.0,3640.0,44389400
1,2024-03-08,8853,3644.0,3610.0,3665.0,3595.0,39889700
1,2024-03-11,8856,3500.0,3498.0,3530.0,3443.0,34641400
1,2024-03-12,8857,3441.0,3475.0,3475.0,3398.0,40384800
1,2024-03-13,8858,3506.0,3444.0,3536.0,3405.0,32358800
1,2024-03-14,8859,3450.0,3445.0,3463.0,3415.0,21846100
1,2024-03-15,8860,3433.0,3488.0,3509.0,3424.0,20264700
1,2024-03-18,8863,3515.0,3567.0,3576.0,3504.0,26489600
1,2024-03-19,8864,3574.0,3675.0,3675.0,3559.0,33925900
1,2024-03-21,8866,3800.0,3799.0,3829.0,3776.0,45118200
1,2024-03-22,8867,3829.0,3872.0,3890.0,3811.0,38840700
1,2024-03-25,8870,3850.0,3830.0,3886.0,3823.0,28829300
1,2024-03-26,8871,3829.0,3850.0,3860.0,3789.0,30536000
1,2024-03-27,8872,3875.0,3853.0,3891.0,3846.0,35165500
1,2024-03-28,8873,3839.0,3806.0,3854.0,3782.0,34646300
1,2024-03-29,8874,3804.0,3799.0,3833.0,3792.0,12094300
1,2024-04-01,8877,3801.0,3639.0,3824.0,3616.0,38828100
1,2024-04-02,8878,3685.0,3633.0,3705.0,3616.0,31273800
1,2024-04-03,8879,3633.0,3620.0,3656.0,3597.0,30222400
1,2024-04-04,8880,3670.0,3667.0,3739.0,3652.0,33637800
1,2024-04-05,8881,3605.0,3619.0,3632.0,3568.0,26966800
1,2024-04-08,8884,3665.0,3698.0,3700.0,3642.0,23272600
1,2024-04-09,8885,3740.0,3776.0,3776.0,3716.0,22518400
1,2024-04-10,8886,3750.0,3740.0,3760.0,3722.0,17062700
1,2024-04-11,8887,3722.0,3781.0,3795.0,3721.0,23458700
1,2024-04-12,8888,3813.0,3767.0,3815.0,3755.0,21094100
1,2024-04-15,8891,3721.0,3767.0,3767.0,3685.0,21091500
1,2024-04-16,8892,3742.0,3649.0,3753.0,3630.0,29226300
1,2024-04-17,8893,3686.0,3597.0,3691.0,3570.0,24105100
1,2024-04-18,8894,3567.0,3602.0,3634.0,3559.0,20201900
1,2024-04-19,8895,3550.0,3522.0,3569.0,3453.0,35457300
1,2024-04-22,8898,3540.0,3517.0,3610.0,3501.0,26643700
1,2024-04-23,8899,3592.0,3511.0,3594.0,3492.0,21861900
1,2024-04-24,8900,3551.0,3618.0,3620.0,3526.0,29269700
1,2024-04-25,8901,3560.0,3497.0,3604.0,3497.0,27833100
1,2024-04-26,8902,3502.0,3510.0,3549.0,3468.0,30255300
1,2024-04-30,8906,3577.0,3638.0,3640.0,3556.0,35459100
1,2024-05-01,8908,3600.0,3605.0,3659.0,3576.0,27076000
1,2024-05-02,8909,3581.0,3581.0,3622.0,3559.0,20164900
1,2024-05-07,8914,3650.0,3599.0,3650.0,3562.0,25496600
1,2024-05-08,8915,3547.0,3579.0,3674.0,3453.0,68295000
1,2024-05-09,8916,3595.0,3528.0,3595.0,3473.0,40742400
1,2024-05-10,8917,3504.0,3425.0,3540.0,3386.0,50941700
1,2024-05-13,8920,3417.0,3366.0,3434.0,3351.0,30544300
1,2024-05-14,8921,3350.0,3389.0,3434.0,3349.0,31178100
1,2024-05-15,8922,3409.0,3408.0,3457.0,3405.0,23592600
1,2024-05-16,8923,3405.0,3352.0,3407.0,3319.0,29023000
1,2024-05-17,8924,3367.0,3436.0,3438.0,3353.0,22329600
1,2024-05-20,8927,3438.0,3447.0,3478.0,3417.0,23715900
1,2024-05-21,8928,3467.0,3437.0,3479.0,3421.0,16456200
1,2024-05-22,8929,3424.0,3388.0,3429.0,3385.0,19191500
1,2024-05-23,8930,3387.0,3403.0,3416.0,3351.0,16120400
1,2024-05-24,8931,3320.0,3393.0,3407.0,3309.0,20602300
1,2024-05-27,8934,3419.0,3450.0,3450.0,3403.0,14620900
1,2024-05-28,8935,3440.0,3448.0,3452.0,3416.0,14393400
1,2024-05-29,8936,3435.0,3390.0,3452.0,3390.0,19973000
1,2024-05-30,8937,3350.0,3330.0,3358.0,3307.0,23500000
1,2024-05-31,8938,3370.0,3401.0,3401.0,3348.0,34664500
